family,rda_fct,rda_flavonoid,rda_phenolic_acid,rda_saponin,phenol_explorer,usda_isoflavone,usda_flavonoid,usda_proanthocyanidin,usda_sr_carotenoid,foodb,union,union_pct
플라보놀,0,368,0,0,372,0,609,0,0,205,784,41.7
플라반-3-올,0,34,0,0,170,0,234,0,0,654,697,37.1
이소플라본,0,13,0,0,27,513,0,0,0,446,652,34.7
안토시아니딘,0,0,0,0,63,0,107,0,0,365,407,21.7
플라바논,0,33,0,0,55,0,70,0,0,303,328,17.5
플라본,0,276,0,0,153,0,321,0,0,785,922,49.1
프로안토시아니딘,0,0,0,0,0,0,0,252,0,195,348,18.5
카로티노이드,1284,0,0,0,0,0,0,0,718,1164,1640,87.3
페놀산,0,46,379,0,524,0,0,0,0,562,881,46.9
스틸벤,0,0,0,0,24,0,0,0,0,12,27,1.4
리그난,0,0,0,0,456,0,0,0,0,141,523,27.8
사포닌,0,0,0,108,0,0,0,0,0,64,172,9.2
토코페롤류,1313,0,0,0,0,0,0,0,0,1148,1582,84.2
기타,0,239,38,0,692,0,0,0,0,1223,1267,67.5
