inchikey,phenol_explorer_compound,foodb_public_id
ADHNTNYEJYJUCU-ZSJFXSENSA-N,Feruloyl glucose,FDB003730
AFSDNFLWKVMVRB-UHFFFAOYSA-N,Ellagic acid,FDB012575
AIONOLUJZLIMTK-AWEZNQCLSA-N,Hesperetin,FDB002677
AKEUNCKRJATALU-UHFFFAOYSA-N,"2,6-Dihydroxybenzoic acid",FDB000845
AYMYWHCQALZEGT-ORCRQEGFSA-N,Butein,FDB000082
BAYUSCHCCGXLAY-UHFFFAOYSA-N,3-Methoxyacetophenone,FDB000359
BGEBZHIAGXMEMV-UHFFFAOYSA-N,Bergapten,FDB002542
BJRNKVDFDLYUGJ-UHFFFAOYSA-N,Arbutin,FDB001221
CAYMSCGTKZIVTN-PJIJBLCYSA-N,Conidendrin,FDB000331
CDICDSOGTRCHMG-ONEGZZNKSA-N,Sinapaldehyde,FDB001515
CFFZDZCDUFSOFZ-UHFFFAOYSA-N,"3,4-Dihydroxyphenylacetic acid",FDB000316
CHWNEIVBYREQRF-UHFFFAOYSA-N,4-Ethylguaiacol,FDB019887
COVFEVWNJUOYRL-UHFFFAOYSA-N,Gallic acid 3-O-gallate,FDB000229
CQLRUIIRRZYHHS-LFXZADKFSA-N,Isorhamnetin 3-O-glucoside,FDB005749
DFMAXQKDIGCMTL-UHFFFAOYSA-N,Isopimpinellin,FDB012661
DFPMSGMNTNDNHN-ZPHOTFPESA-N,Naringin,FDB011866
DIRROHKULXIUCB-DHJOXOLYSA-N,"Pelargonidin 3,5-O-diglucoside",FDB031090
DIWVBIXQCNRCFE-UHFFFAOYSA-N,Methoxyphenylacetic acid,FDB000318
DXYUAIFZCFRPTH-UHFFFAOYSA-N,Glycitein,FDB000698
DZAUWHJDUNRCTF-UHFFFAOYSA-N,Dihydrocaffeic acid,FDB008857
FHHSEFRSDKWJKJ-UHFFFAOYSA-N,Nepetin,FDB002422
FJKROLUGYXJWQN-UHFFFAOYSA-N,4-Hydroxybenzoic acid,FDB010508
FQWLMRXWKZGLFI-YVYUXZJTSA-N,e-Viniferin,FDB002498; FDB014559
FTVWIRXFELQLPI-ZDUSSCGKSA-N,Naringenin,FDB000678
FUGYGGDSWSUORM-UHFFFAOYSA-N,4-Vinylphenol,FDB010540
FXNFHKRTJBSTCS-UHFFFAOYSA-N,Baicalein,FDB012057
GLAAQZFBFGEBPS-UHFFFAOYSA-N,Jaceosidin,FDB000146
GLDQAMYCGOIJDV-UHFFFAOYSA-N,"2,3-Dihydroxybenzoic acid",FDB012200
GPLOTACQBREROW-WQLSNUALSA-N,Theaflavin 3-O-gallate,FDB012512
HFLGBNBLMBSXEM-UHFFFAOYSA-N,4-Ethylcatechol,FDB019886
HJTVQHVGMGKONQ-LUZURFALSA-N,Demethoxycurcumin,FDB011964
HKQYGTCOTHHOMP-UHFFFAOYSA-N,Formononetin,FDB012219
HSTZMXCBWJGKHG-CUYWLFDKSA-N,Resveratrol 3-O-glucoside,FDB002449
HUJXHFRXWWGYQH-UHFFFAOYSA-O,Sinapine,FDB004152
HXDOZKJGKXYMEW-UHFFFAOYSA-N,4-Ethylphenol,FDB000358
IBGBGRVKPALMCQ-UHFFFAOYSA-N,Protocatechuic aldehyde,FDB012060
IFYOHQQBIKDHFT-ASZXTAQUSA-O,Pelargonidin 3-O-rutinoside,FDB021681
IHFBPDAQLQOCBX-UHFFFAOYSA-N,Hispidulin,FDB001473
IJFXRHURBJZNAO-UHFFFAOYSA-N,3-Hydroxybenzoic acid,FDB010507
IKGXIBQEEMLURG-NVPNHPEKSA-N,Quercetin 3-O-rutinoside,FDB002536
IKMDFBPHZNJCSN-UHFFFAOYSA-N,Myricetin,FDB012724; FDB017002
ILEDWLMCKZNDJK-UHFFFAOYSA-N,Esculetin,FDB002775
IQPNAANSBPBGFQ-UHFFFAOYSA-N,Luteolin,FDB013255; FDB017832; FDB017833; FDB018235; FDB018933; FDB021653
ISWSIDIOOBJBQZ-UHFFFAOYSA-N,Phenol,FDB000893
IYRMWMYZSQPJKC-UHFFFAOYSA-N,Kaempferol,FDB000633
IZQSVPBOUDKVDZ-UHFFFAOYSA-N,Isorhamnetin,FDB000604
JBFOLLJCGUCDQP-ZFORQUDYSA-N,Apigenin 7-O-glucuronide,FDB000138
JGUZGNYPMHHYRK-UHFFFAOYSA-N,Rhamnetin,FDB002829
JMSVCTWVEWCHDZ-UHFFFAOYSA-N,Syringic acid,FDB000514
JPUKWEQWGBDDQB-QSOFNFLRSA-N,Kaempferol 3-O-glucoside,FDB016478
JUUBCHWRXWPFFH-UHFFFAOYSA-N,Hydroxytyrosol,FDB008754
JVXZRQGOGOXCEC-UHFFFAOYSA-N,Scutellarein,FDB002464; FDB021711
KCDXJAYRVLXPFO-UHFFFAOYSA-N,Syringaldehyde,FDB000822
KKSDGJDHHZEWEP-SNAWJCMRSA-N,m-Coumaric acid,FDB002590
KLAOKWJLUQKWIF-UHFFFAOYSA-N,Eupatorin,FDB001539
KOWMJRJXZMEZLD-UHFFFAOYSA-N,Syringaresinol,FDB018395
KQPYUDDGWXQXHS-UHFFFAOYSA-N,Juglone,FDB002708
KRZBCHWVBQOTNZ-RDJMKVHDSA-N,"3,5-Dicaffeoylquinic acid",FDB093620
KSDSYIXRWHRPMN-UHFFFAOYSA-N,Naringin 4'-O-glucoside,FDB021742
KVVSCMOUFCNCGX-UHFFFAOYSA-N,5-Pentadecylresorcinol,FDB002998
KYQZWONCHDNPDP-QNDFHXLGSA-N,Daidzin,FDB012225
KZNIFHPLKGYRTM-UHFFFAOYSA-N,Apigenin,FDB002798
LHGVFZTZFXWLCP-UHFFFAOYSA-N,Guaiacol,FDB009011; FDB011885
LHJZSWVADJCBNI-UHFFFAOYSA-N,2-Methoxy-5-prop-1-enylphenol,FDB000338
LKMNXYDUQXAUCZ-UHFFFAOYSA-N,Sinensetin,FDB015552
LKZDFKLGDGSGEO-UJECXLDQSA-N,Kaempferol 3-O-sophoroside,FDB097304
LNTHITQWFMADLM-UHFFFAOYSA-N,Gallic acid,FDB000662
LPEPZZAVFJPLNZ-UHFFFAOYSA-N,8-Prenylnaringenin,FDB012291
LUJAXSNNYBCFEE-UHFFFAOYSA-N,"3,7-Dimethylquercetin",FDB000176
LUKBXSAWLPMMSZ-OWOJBTEDSA-N,Resveratrol,FDB031212
LUSZGTFNYDARNI-UHFFFAOYSA-N,Sesamol,FDB011975
LXEVSYZNYDZSOB-UHFFFAOYSA-N,Gardenin B,FDB002752
LYISDADPVOHJBJ-UHFFFAOYSA-N,Methylgalangin,FDB000658
MGSRCZKZVOBKFT-UHFFFAOYSA-N,Thymol,FDB007331; FDB014795
MHXCIKYXNYCMHY-AUSJPIAWSA-N,Lariciresinol,FDB030072
MOJZMWJRUKIQGL-XILRTYJMSA-N,Procyanidin trimer C1,FDB017710
MRIAQLRQZPPODS-UHFFFAOYSA-N,Nobiletin,FDB000683
MTVWFVDWRVYDOR-UHFFFAOYSA-N,"3,4-Dihydroxyphenylglycol",FDB020084
MWOOGOJBHIARFG-UHFFFAOYSA-N,Vanillin,FDB000838
NMHMNPHRMNGLLB-UHFFFAOYSA-N,Dihydro-p-coumaric acid,FDB000849
NQWVSMVXKMHKTF-JKSUJKDBSA-N,Arctigenin,FDB001442
OBKKEZLIABHSGY-DOYQYKRZSA-N,Neoeriocitrin,FDB005037
ODBRNZZJSYPIDI-VJXVFPJBSA-N,Luteolin 6-C-glucoside,FDB001707
OGFXBIXJCWAUCH-KPHUOKFYSA-N,Isolariciresinol,FDB000328
OIUBYZLTFSLSBY-HMGRVEAOSA-N,Quercetin 4'-O-glucoside,FDB017095
OMQADRGFMLGFJF-MNPJBKLOSA-N,Eriocitrin,FDB097273
ORHBXUUXSCNDEV-UHFFFAOYSA-N,Umbelliferone,FDB001094
ORXQGKIUCDPEAJ-YRNVUSSQSA-N,Xanthohumol,FDB016545
OUMMPAFEQHTYIZ-UHFFFAOYSA-N,Geraldone,FDB012022
OVSQVDMCBVZWGM-DTGCRPNFSA-N,Quercetin 3-O-galactoside,FDB002711
OVSQVDMCBVZWGM-QSOFNFLRSA-N,Quercetin 3-O-glucoside,FDB016407
OWMHCYFEIJPHFB-GOZZSVHWSA-N,6''-O-Malonylglycitin,FDB018876
OZBAVEKZGSOMOJ-MIUGBVLSSA-N,Glycitin,FDB017323
PEFNSGRTCBGNAN-QNDFHXLGSA-N,Luteolin 7-O-glucoside,FDB014280
PFTAWBLQPZVEMU-DZGCQCFKSA-N,(+)-Catechin,FDB002571
PFTAWBLQPZVEMU-UKRRQHHQSA-N,(-)-Epicatechin,FDB003761
PGSWEKYNAOWQDF-UHFFFAOYSA-N,3-Methylcatechol,FDB000357
PLKUTZNSKRWCCA-LTSKFBHWSA-O,Delphinidin 3-O-rutinoside,FDB017195
PVFGJHYLIHMCQD-UHFFFAOYSA-N,"7,3',4'-Trihydroxyflavone",FDB012021
PXUQTDZNOHRWLI-OXUVVOBNSA-O,Malvidin 3-O-glucoside,FDB002714
QAIPRVGONGVQAS-DUXPYHPUSA-N,Caffeic acid,FDB002558; FDB002559; FDB012666; FDB031208
QGUMNWHANDITDB-FPYGCLRLSA-N,Avenanthramide 2p,FDB000283
QRMZSPFSDQBLIX-UHFFFAOYSA-N,Homovanillic acid,FDB001783
QUQPHWDTPGMPEX-QJBIFVCTSA-N,Hesperidin,FDB002680
QURCVMIEKCOAJU-HWKANZROSA-N,Isoferulic acid,FDB002700
QXKHYNVANLEOEG-UHFFFAOYSA-N,Xanthotoxin,FDB012474
QZXHFNCQMMUANB-UINLEYECSA-N,"Quercetin 7,4'-O-diglucoside",FDB097408
RDFLLVCQYHQOBU-ZOTFFYTFSA-O,"Cyanidin 3,5-O-diglucoside",FDB030758
RECUKUPTGUEGMW-UHFFFAOYSA-N,Carvacrol,FDB014512
REFJWTPEDVJJIY-UHFFFAOYSA-N,Quercetin,FDB011904
RGHHSNMVTDWUBI-UHFFFAOYSA-N,4-Hydroxybenzaldehyde,FDB010504
RKWHWFONKJEUEF-WVXKDWSHSA-O,Cyanidin 3-O-galactoside,FDB017159
RNDGJCZQVKFBPI-ASDZUOGYSA-N,Luteolin 7-O-malonyl-glucoside,FDB000139
RODXRVNMMDRFIK-UHFFFAOYSA-N,Scopoletin,FDB012705
RPMNUQRUHXIGHK-PYXJVEIZSA-N,Rhoifolin,FDB007976
RPVIQWDFJPYNJM-DEFKTLOSSA-N,"Quercetin 3,4'-O-diglucoside",FDB097349
RRAFCDWBNXTKKO-UHFFFAOYSA-N,Eugenol,FDB012171
RTIXKCRFFJGDFG-UHFFFAOYSA-N,Chrysin,FDB015535
SCCDQYPEOIRVGX-UHFFFAOYSA-N,Acetyl eugenol,FDB012393
TZBJGXHYKVUXJN-UHFFFAOYSA-N,Genistein,FDB011828
UIAFKZKHHVMJGS-UHFFFAOYSA-N,"2,4-Dihydroxybenzoic acid",FDB000842
ULSUXBXHSYSGDT-UHFFFAOYSA-N,Tangeretin,FDB002412
URFCJEUYXNAHFI-ZDUSSCGKSA-N,Pinocembrin,FDB030117
URSUMOWUGDXZHU-UHFFFAOYSA-N,Tetramethylscutellarein,FDB002465
USNPULRDBDVJAO-FXCAAIILSA-O,Cyanidin 3-O-rutinoside,FDB007049
UYEMGAFJOZZIFP-UHFFFAOYSA-N,"3,5-Dihydroxybenzoic acid",FDB000848; FDB029321
VCCRNZQBSJXYJD-UHFFFAOYSA-N,Galangin,FDB000657
VEVZSMAEJFVWIL-UHFFFAOYSA-O,Cyanidin,FDB002602
VFLDPWHFBUODDF-FCXRPNKRSA-N,Curcumin,FDB012292
VGEREEWJJVICBM-UHFFFAOYSA-N,Phloretin,FDB015553
VKOSQMWSWLZQPA-UHFFFAOYSA-N,Cirsilineol,FDB016702
VSUOKLTVXQRUSG-ZFORQUDYSA-N,Luteolin 7-O-glucuronide,FDB017828
VYAKIUWQLHRZGK-UHFFFAOYSA-N,6-Hydroxyluteolin,FDB015551
WBYWAXJHAXSJNI-VOTSOKGWSA-N,Cinnamic acid,FDB031209
WDKYDMULARNCIS-GQCTYLIASA-N,Caffeic acid ethyl ester,FDB000243
WIIMVXRNTVGXEQ-LCENJUANSA-O,Delphinidin 3-O-glucosyl-glucoside,FDB021735
WKOLLVMJNQIZCI-UHFFFAOYSA-N,Vanillic acid,FDB000846
WMBWREPUVVBILR-GHTZIAJQSA-N,(+)-Gallocatechin 3-O-gallate,FDB021740
WMBWREPUVVBILR-WIYYLYMNSA-N,(-)-Epigallocatechin 3-O-gallate,FDB093704
WPYMKLBDIGXBTP-UHFFFAOYSA-N,Benzoic acid,FDB008739
WQGWDDDVZFFDIG-UHFFFAOYSA-N,Pyrogallol,FDB008735
WUADCCWRTIWANL-UHFFFAOYSA-N,Biochanin A,FDB012223
WUAXWQRULBZETB-UHFFFAOYSA-N,Homoveratric acid,FDB000317
WXTMDXOMEHJXQO-UHFFFAOYSA-N,Gentisic acid,FDB000844
XCTGXGVGJYACEI-LCENJUANSA-O,"Delphinidin 3,5-O-diglucoside",FDB002614
XEFNBVWDOQCMSG-GJHFDJSNSA-N,Quercetin 3-O-glucosyl-rhamnosyl-galactoside,FDB000166
XFDQJKDGGOEYPI-UHFFFAOYSA-O,Peonidin,FDB002753; FDB017306
XFFQVRFGLSBFON-DEFKTLOSSA-N,"Kaempferol 3,7-O-diglucoside",FDB097405
XFZJEEAOWLFHDH-AVFWISQGSA-N,Procyanidin dimer B3,FDB012205
XFZJEEAOWLFHDH-NFJBMHMQSA-N,Procyanidin dimer B2,FDB012204
XFZJEEAOWLFHDH-VUGKQVTMSA-N,Procyanidin dimer B4,FDB012206; FDB016771
XLZUBCUKXQFBKB-JZWLZXDTSA-O,Pelargonidin 3-O-(6''-malonyl-glucoside),FDB017299
XMOCLSLCDHWDHP-IUODEOHRSA-N,(-)-Epigallocatechin,FDB017700
XMOCLSLCDHWDHP-SWLSCSKDSA-N,(+)-Gallocatechin,FDB017705
XQXPVVBIMDBYFF-UHFFFAOYSA-N,4-Hydroxyphenylacetic acid,FDB010534
XUSYGBPHQBWGAD-UHFFFAOYSA-N,Carnosol,FDB014814
XWRHBGVVCOSNKO-OPGYGNEESA-N,4-p-Coumaroylquinic acid; p-Coumaroylquinic acid,FDB000237
XYIQIBWIEGCVQY-RWHUQTJRSA-N,6-Geranylnaringenin,FDB000133
YCCILVSKPBXVIP-UHFFFAOYSA-N,Tyrosol,FDB031233
YCIMNLLNPGFGHC-UHFFFAOYSA-N,Catechol,FDB001512
YGSDEFSMJLZEOE-UHFFFAOYSA-N,2-Hydroxybenzoic acid,FDB031164
YKGCBLWILMDSAV-UHFFFAOYSA-N,Isoxanthohumol,FDB012290
YOMSJEATGXXYPX-UHFFFAOYSA-N,4-Vinylguaiacol,FDB000857
YQUVCSBJEUQKSH-UHFFFAOYSA-N,Protocatechuic acid,FDB031135
YXOLAZRVSSWPPT-UHFFFAOYSA-N,Morin,FDB002736
ZBCATMYQYDCTIZ-UHFFFAOYSA-N,4-Methylcatechol,FDB008861
ZCCUUQDIBDJBTK-UHFFFAOYSA-N,Psoralen,FDB012605
ZEJXENDZTYVXDP-CSJHBIPPSA-N,Kaempferol 3-O-rutinoside,FDB093492
ZFMSMUAANRJZFM-UHFFFAOYSA-N,Estragole,FDB012392
ZIIAJIWLQUVGHB-UHFFFAOYSA-N,Cirsimaritin,FDB001537
ZJVUMAFASBFUBG-UHFFFAOYSA-N,Punicalagin,FDB016425
ZQSIJRDFPHDXIC-UHFFFAOYSA-N,Daidzein,FDB002608
ZROGCCBNZBKLEL-MPRHSVQHSA-N,Dihydroquercetin 3-O-rhamnoside,FDB012030
ZRSNZINYAWTAHE-UHFFFAOYSA-N,p-Anisaldehyde,FDB000872
ZYGHJZDHTFUPRJ-UHFFFAOYSA-N,Coumarin,FDB030742
ZZIALNLLNHEQPJ-UHFFFAOYSA-N,Coumestrol,FDB011663
ZZWPMFROUHHAKY-OUUKCGNVSA-O,Peonidin 3-O-glucoside,FDB017308; FDB029816
