CID,InChIKey,ConnectivitySMILES,Title
19,GLDQAMYCGOIJDV-UHFFFAOYSA-N,C1=CC(=C(C(=C1)O)O)C(=O)O,"2,3-Dihydroxybenzoic Acid"
72,YQUVCSBJEUQKSH-UHFFFAOYSA-N,C1=CC(=C(C=C1C(=O)O)O)O,Protocatechuic Acid
126,RGHHSNMVTDWUBI-UHFFFAOYSA-N,C1=CC(=CC=C1C=O)O,4-Hydroxybenzaldehyde
127,XQXPVVBIMDBYFF-UHFFFAOYSA-N,C1=CC(=CC=C1CC(=O)O)O,Hydroxyphenylacetic acid
135,FJKROLUGYXJWQN-UHFFFAOYSA-N,C1=CC(=CC=C1C(=O)O)O,4-Hydroxybenzoic Acid
243,WPYMKLBDIGXBTP-UHFFFAOYSA-N,C1=CC=C(C=C1)C(=O)O,Benzoic Acid
289,YCIMNLLNPGFGHC-UHFFFAOYSA-N,C1=CC=C(C(=C1)O)O,Catechol
322,NGSWKAQJJWESNS-UHFFFAOYSA-N,C1=CC(=CC=C1C=CC(=O)O)O,4-Coumaric acid
323,ZYGHJZDHTFUPRJ-UHFFFAOYSA-N,C1=CC=C2C(=C1)C=CC(=O)O2,Coumarin
332,YOMSJEATGXXYPX-UHFFFAOYSA-N,COC1=C(C=CC(=C1)C=C)O,4-Vinylguaiacol
338,YGSDEFSMJLZEOE-UHFFFAOYSA-N,C1=CC=C(C(=C1)C(=O)O)O,Salicylic Acid
340,PGSWEKYNAOWQDF-UHFFFAOYSA-N,CC1=C(C(=CC=C1)O)O,3-Methylcatechol
341,COVFEVWNJUOYRL-UHFFFAOYSA-N,C1=C(C=C(C(=C1O)O)O)C(=O)OC2=CC(=CC(=C2O)O)C(=O)O,Digallic Acid
346,BJRNKVDFDLYUGJ-UHFFFAOYSA-N,C1=CC(=CC=C1O)OC2C(C(C(C(O2)CO)O)O)O,"2-Hydroxymethyl-6-(4-hydroxy-phenoxy)-tetrahydro-pyran-3,4,5-triol"
370,LNTHITQWFMADLM-UHFFFAOYSA-N,C1=C(C=C(C(=C1O)O)O)C(=O)O,Gallic Acid
460,LHGVFZTZFXWLCP-UHFFFAOYSA-N,COC1=CC=CC=C1O,Guaiacol
547,CFFZDZCDUFSOFZ-UHFFFAOYSA-N,C1=CC(=C(C=C1CC(=O)O)O)O,Dopac
709,KSEBMYQBYZTDHS-UHFFFAOYSA-N,COC1=C(C=CC(=C1)C=CC(=O)O)O,3-(4-Hydroxy-3-Methoxyphenyl)Prop-2-Enoic Acid
996,ISWSIDIOOBJBQZ-UHFFFAOYSA-N,C1=CC=C(C=C1)O,Phenol
1057,WQGWDDDVZFFDIG-UHFFFAOYSA-N,C1=CC(=C(C(=C1)O)O)O,Pyrogallol
1183,MWOOGOJBHIARFG-UHFFFAOYSA-N,COC1=C(C=CC(=C1)C=O)O,Vanillin
1491,UIAFKZKHHVMJGS-UHFFFAOYSA-N,C1=CC(=C(C=C1O)O)C(=O)O,"2,4-Dihydroxybenzoic Acid"
1738,QRMZSPFSDQBLIX-UHFFFAOYSA-N,COC1=C(C=CC(=C1)CC(=O)O)O,Homovanillic Acid
2355,BGEBZHIAGXMEMV-UHFFFAOYSA-N,COC1=C2C=CC(=O)OC2=CC3=C1C=CO3,Bergapten
2579,XUSYGBPHQBWGAD-UHFFFAOYSA-N,CC(C)C1=C(C(=C2C(=C1)C3CC4C2(CCCC4(C)C)C(=O)O3)O)O,"(1R)-3,4-Dihydroxy-11,11-dimethyl-5-propan-2-yl-16-oxatetracyclo[6.6.2.01,10.02,7]hexadeca-2,4,6-trien-15-one"
3314,RRAFCDWBNXTKKO-UHFFFAOYSA-N,COC1=C(C=CC(=C1)CC=C)O,Eugenol
3469,WXTMDXOMEHJXQO-UHFFFAOYSA-N,C1=CC(=C(C=C1O)C(=O)O)O,"2,5-Dihydroxybenzoic acid"
3806,KQPYUDDGWXQXHS-UHFFFAOYSA-N,C1=CC2=C(C(=O)C=CC2=O)C(=C1)O,Juglone
4114,QXKHYNVANLEOEG-UHFFFAOYSA-N,COC1=C2C(=CC3=C1OC=C3)C=CC(=O)O2,8-Methoxypsoralen
4788,VGEREEWJJVICBM-UHFFFAOYSA-N,C1=CC(=CC=C1CCC(=O)C2=C(C=C(C=C2O)O)O)O,Phloretin
4789,IOUVKUPGCMBWBT-UHFFFAOYSA-N,C1=CC(=CC=C1CCC(=O)C2=C(C=C(C=C2OC3C(C(C(C(O3)CO)O)O)O)O)O)O,Phlorizine
4813,CDRPUGZCRXZLFL-UHFFFAOYSA-N,C1=CC(=C(C=C1C=CC2=CC(=CC(=C2)O)O)O)O,"4-(2-(3,5-Dihydroxyphenyl)Ethenyl)Benzene-1,2-Diol"
6199,ZCCUUQDIBDJBTK-UHFFFAOYSA-N,C1=CC(=O)OC2=CC3=C(C=CO3)C=C21,Psoralen
6989,MGSRCZKZVOBKFT-UHFFFAOYSA-N,CC1=CC(=C(C=C1)C(C)C)O,Thymol
7136,SCCDQYPEOIRVGX-UHFFFAOYSA-N,CC(=O)OC1=C(C=C(C=C1)CC=C)OC,Eugenyl Acetate
7139,WUAXWQRULBZETB-UHFFFAOYSA-N,COC1=C(C=C(C=C1)CC(=O)O)OC,"(3,4-Dimethoxyphenyl)acetic acid"
7420,IJFXRHURBJZNAO-UHFFFAOYSA-N,C1=CC(=CC(=C1)O)C(=O)O,3-Hydroxybenzoic Acid
7424,UYEMGAFJOZZIFP-UHFFFAOYSA-N,C1=C(C=C(C=C1O)O)C(=O)O,"3,5-Dihydroxybenzoic Acid"
8468,WKOLLVMJNQIZCI-UHFFFAOYSA-N,COC1=C(C=CC(=C1)C(=O)O)O,Vanillic Acid
8655,KCDXJAYRVLXPFO-UHFFFAOYSA-N,COC1=CC(=CC(=C1O)OC)C=O,Syringaldehyde
8768,IBGBGRVKPALMCQ-UHFFFAOYSA-N,C1=CC(=C(C=C1C=O)O)O,"3,4-Dihydroxybenzaldehyde"
8815,ZFMSMUAANRJZFM-UHFFFAOYSA-N,COC1=CC=C(C=C1)CC=C,Estragole
9064,PFTAWBLQPZVEMU-DZGCQCFKSA-N,C1C(C(OC2=CC(=CC(=C21)O)O)C3=CC(=C(C=C3)O)O)O,Catechin
9338,AKEUNCKRJATALU-UHFFFAOYSA-N,C1=CC(=C(C(=C1)O)C(=O)O)O,"2,6-Dihydroxybenzoic Acid"
9476,CWVRJTMFETXNAD-NCZKRNLISA-N,C1C(C(C(CC1(C(=O)O)O)OC(=O)C=CC2=CC(=C(C=C2)O)O)O)O,"(1S,3R,4R,5R)-3-(3-(3,4-Dihydroxyphenyl)Prop-2-Enoyloxy)-1,4,5-Trihydroxycyclohexane-1-Carboxylic Acid"
9958,ZBCATMYQYDCTIZ-UHFFFAOYSA-N,CC1=CC(=C(C=C1)O)O,4-Methylcatechol
9984,DKZBBWMURDFHNE-UHFFFAOYSA-N,COC1=C(C=CC(=C1)C=CC=O)O,"2-Propenal, 3-(4-hydroxy-3-methoxyphenyl)-"
10185,CXQWRCVTCMQVQX-YSSOQSIOSA-N,C1=CC(=C(C=C1C2C(C(=O)C3=C(C=C(C=C3O2)O)O)O)O)O,"(2R)-2-(3,4-Dihydroxyphenyl)-3,5,7-Trihydroxy-2,3-Dihydrochromen-4-One"
10364,RECUKUPTGUEGMW-UHFFFAOYSA-N,CC1=C(C=C(C=C1)C(C)C)O,Carvacrol
10393,YCCILVSKPBXVIP-UHFFFAOYSA-N,C1=CC(=CC=C1CCO)O,Tyrosol
10394,NMHMNPHRMNGLLB-UHFFFAOYSA-N,C1=CC(=CC=C1CCC(=O)O)O,3-(4-Hydroxyphenyl)propionic acid
10621,QUQPHWDTPGMPEX-QJBIFVCTSA-N,CC1C(C(C(C(O1)OCC2C(C(C(C(O2)OC3=CC(=C4C(=O)CC(OC4=C3)C5=CC(=C(C=C5)OC)O)O)O)O)O)O)O)O,Hesperidin
10742,JMSVCTWVEWCHDZ-UHFFFAOYSA-N,COC1=CC(=CC(=C1O)OC)C(=O)O,Syringic Acid
10743,PCMORTLOPMLEFB-UHFFFAOYSA-N,COC1=CC(=CC(=C1O)OC)C=CC(=O)O,Sinapic acid
11460,BAYUSCHCCGXLAY-UHFFFAOYSA-N,CC(=O)C1=CC(=CC=C1)OC,3-Methoxyacetophenone
11968,PMOWTIHVNWZYFI-UHFFFAOYSA-N,C1=CC=C(C(=C1)C=CC(=O)O)O,3-(2-Hydroxyphenyl)-2-propenoic acid
28516,KWILGNNWGSNMPA-UHFFFAOYSA-N,CC1CC2=C(C(=CC=C2)O)C(=O)O1,Mellein
31242,HXDOZKJGKXYMEW-UHFFFAOYSA-N,CCC1=CC=C(C=C1)O,4-Ethylphenol
31244,ZRSNZINYAWTAHE-UHFFFAOYSA-N,COC1=CC=C(C=C1)C=O,4-Methoxybenzaldehyde
42675,ONQQLFWDTJJQKU-UHFFFAOYSA-N,CCCCCC(CC(=O)CCC1CCC(C(C1)OC)O)O,5-Hydroxy-1-(4-hydroxy-3-methoxycyclohexyl)decan-3-one
62453,FUGYGGDSWSUORM-UHFFFAOYSA-N,C=CC1=CC=C(C=C1)O,4-Vinylphenol
62465,CHWNEIVBYREQRF-UHFFFAOYSA-N,CCC1=CC(=C(C=C1)O)OC,4-Ethylguaiacol
64981,NQWVSMVXKMHKTF-JKSUJKDBSA-N,COC1=C(C=C(C=C1)CC2COC(=O)C2CC3=CC(=C(C=C3)O)OC)OC,(-)-Arctigenin
65064,WMBWREPUVVBILR-WIYYLYMNSA-N,C1C(C(OC2=CC(=CC(=C21)O)O)C3=CC(=C(C(=C3)O)O)O)OC(=O)C4=CC(=C(C(=C4)O)O)O,Epigallocatechin Gallate
65084,XMOCLSLCDHWDHP-SWLSCSKDSA-N,C1C(C(OC2=CC(=CC(=C21)O)O)C3=CC(=C(C(=C3)O)O)O)O,Gallocatechin
65126,QRYRORQUOLYVBU-VBKZILBWSA-N,CC(C)C1=C(C(=C2C(=C1)CCC3C2(CCCC3(C)C)C(=O)O)O)O,Carnosic Acid
67249,YPVZJXMTXCOTJN-UHFFFAOYSA-N,C1=CC(=CC=C1C2=[O+]C3=CC(=CC(=C3C=C2O)O)O)O.[Cl-],Pelargonidin Chloride
68071,URFCJEUYXNAHFI-ZDUSSCGKSA-N,C1C(OC2=CC(=CC(=C2C1=O)O)O)C3=CC=CC=C3,(+)-Pinocembrin
68077,ULSUXBXHSYSGDT-UHFFFAOYSA-N,COC1=CC=C(C=C1)C2=CC(=O)C3=C(O2)C(=C(C(=C3OC)OC)OC)OC,Tangeretin
68079,DFMAXQKDIGCMTL-UHFFFAOYSA-N,COC1=C2C=COC2=C(C3=C1C=CC(=O)O3)OC,Isopimpinellin
68289,LUSZGTFNYDARNI-UHFFFAOYSA-N,C1OC2=C(O1)C=C(C=C2)O,Sesamol
70761,HFLGBNBLMBSXEM-UHFFFAOYSA-N,CCC1=CC(=C(C=C1)O)O,"4-Ethyl-1,2-benzenediol"
72276,PFTAWBLQPZVEMU-UKRRQHHQSA-N,C1C(C(OC2=CC(=CC(=C21)O)O)C3=CC(=C(C=C3)O)O)O,Epicatechin
72277,XMOCLSLCDHWDHP-IUODEOHRSA-N,C1C(C(OC2=CC(=CC(=C21)O)O)C3=CC(=C(C(=C3)O)O)O)O,Epigallocatechin
72281,AIONOLUJZLIMTK-AWEZNQCLSA-N,COC1=C(C=C(C=C1)C2CC(=O)C3=C(C=C(C=C3O2)O)O)O,Hesperetin
72307,PEYUIKBAABKQKQ-AFHBHXEDSA-N,C1C2C(COC2C3=CC4=C(C=C3)OCO4)C(O1)C5=CC6=C(C=C5)OCO6,Sesamin
72344,MRIAQLRQZPPODS-UHFFFAOYSA-N,COC1=C(C=C(C=C1)C2=CC(=O)C3=C(O2)C(=C(C(=C3OC)OC)OC)OC)OC,Nobiletin
72506,CAYMSCGTKZIVTN-PJIJBLCYSA-N,COC1=C(C=C2C(C3COC(=O)C3CC2=C1)C4=CC(=C(C=C4)O)OC)O,Conidendrin
73399,HGXBRUKMWQGOIE-AFHBHXEDSA-N,COC1=C(C=CC(=C1)C2C3COC(C3CO2)C4=CC(=C(C=C4)O)OC)O,(+)-Pinoresinol
76617,KVVSCMOUFCNCGX-UHFFFAOYSA-N,CCCCCCCCCCCCCCCC1=CC(=CC(=C1)O)O,5-Pentadecylresorcinol
82755,JUUBCHWRXWPFFH-UHFFFAOYSA-N,C1=CC(=C(C=C1CCO)O)O,Hydroxytyrosol
83489,OMQADRGFMLGFJF-MNPJBKLOSA-N,CC1C(C(C(C(O1)OCC2C(C(C(C(O2)OC3=CC(=C4C(=O)CC(OC4=C3)C5=CC(=C(C=C5)O)O)O)O)O)O)O)O)O,Eriocitrin
89287,HUJXHFRXWWGYQH-UHFFFAOYSA-O,C[N+](C)(C)CCOC(=O)C=CC1=CC(=C(C(=C1)OC)O)OC,"2-[[3-(4-Hydroxy-3,5-dimethoxyphenyl)-1-oxo-2-propenyl]oxy]-N,N,N-trimethylethanaminium"
91528,MTVWFVDWRVYDOR-UHFFFAOYSA-N,C1=CC(=C(C=C1C(CO)O)O)O,"3,4-Dihydroxyphenylethyleneglycol"
92794,DLIKSSGEMUFQOK-SFTVRKLSSA-N,C1C(OC2=CC(=CC(=C2C1=O)O)OC3C(C(C(C(O3)CO)O)O)O)C4=CC=C(C=C4)O,Prunin
94409,YDIKCZBMBPOGFT-PWUSVEHZSA-N,COC1=CC(=CC(=C1O)OC)C2=[O+]C3=CC(=CC(=C3C=C2OC4C(C(C(C(O4)CO)O)O)O)O)O.[Cl-],Malvidin 3-galactoside
94672,KQRXQIPRDKVZPW-ISZNXKAUSA-N,C1C2C(COC2C3=CC4=C(C=C3O)OCO4)C(O1)C5=CC6=C(C=C5)OCO6,Sesaminol
96118,URSUMOWUGDXZHU-UHFFFAOYSA-N,COC1=CC=C(C=C1)C2=CC(=O)C3=C(C(=C(C=C3O2)OC)OC)OC,"5,6,7,4'-Tetramethoxyflavone"
96539,LXEVSYZNYDZSOB-UHFFFAOYSA-N,COC1=CC=C(C=C1)C2=CC(=O)C3=C(C(=C(C(=C3O2)OC)OC)OC)O,Gardenin B
97214,KLAOKWJLUQKWIF-UHFFFAOYSA-N,COC1=C(C=C(C=C1)C2=CC(=O)C3=C(C(=C(C=C3O2)OC)OC)O)O,Eupatorin
100067,KOWMJRJXZMEZLD-UHFFFAOYSA-N,COC1=CC(=CC(=C1O)OC)C2C3COC(C3CO2)C4=CC(=C(C(=C4)OC)O)OC,Syringaresinol
100754,YCVPRTHEGLPYPB-UHFFFAOYSA-N,C1=CC=C(C=C1)C=CC2=CC(=CC(=C2)O)O,5-Styrylresorcinol
101746,ZZMNWJVJUKMZJY-AFHBHXEDSA-N,C1C2C(COC2OC3=CC4=C(C=C3)OCO4)C(O1)C5=CC6=C(C=C5)OCO6,Sesamolin
107202,DIWVBIXQCNRCFE-UHFFFAOYSA-N,COC(C1=CC=CC=C1)C(=O)O,Methoxyphenylacetic acid
107971,KYQZWONCHDNPDP-QNDFHXLGSA-N,C1=CC(=CC=C1C2=COC3=C(C2=O)C=CC(=C3)OC4C(C(C(C(O4)CO)O)O)O)O,Daidzin
114627,OBKKEZLIABHSGY-DOYQYKRZSA-N,CC1C(C(C(C(O1)OC2C(C(C(OC2OC3=CC(=C4C(=O)CC(OC4=C3)C5=CC(=C(C=C5)O)O)O)CO)O)O)O)O)O,Neoeriocitrin
114776,ODBRNZZJSYPIDI-VJXVFPJBSA-N,C1=CC(=C(C=C1C2=CC(=O)C3=C(O2)C=C(C(=C3O)C4C(C(C(C(O4)CO)O)O)O)O)O)O,Isoorientin
114777,IPMYMEWFZKHGAX-ZKSIBHASSA-N,C1C(C(OC2=CC(=CC(=C21)O)O)C3=CC(=O)C(=C4C(=C3)C(=CC(=C4O)O)C5C(CC6=C(C=C(C=C6O5)O)O)O)O)O,Theaflavin (Standard)
119205,MATGKVZWFZHCLI-LSDHHAIUSA-N,COC1=C(C=CC(=C1)CC2COC(=O)C2CC3=CC(=C(C=C3)O)OC)O,(-)-Matairesinol
119258,ZROGCCBNZBKLEL-MPRHSVQHSA-N,CC1C(C(C(C(O1)OC2C(OC3=CC(=CC(=C3C2=O)O)O)C4=CC(=C(C=C4)O)O)O)O)O,Astilbin
122738,XFZJEEAOWLFHDH-NFJBMHMQSA-N,C1C(C(OC2=C1C(=CC(=C2C3C(C(OC4=CC(=CC(=C34)O)O)C5=CC(=C(C=C5)O)O)O)O)O)C6=CC(=C(C=C6)O)O)O,Procyanidin B2
128861,VEVZSMAEJFVWIL-UHFFFAOYSA-O,C1=CC(=C(C=C1C2=[O+]C3=CC(=CC(=C3C=C2O)O)O)O)O,"2-(3,4-Dihydroxyphenyl)-3,5,7-trihydroxy-1-Benzopyrylium"
145659,LKMNXYDUQXAUCZ-UHFFFAOYSA-N,COC1=C(C=C(C=C1)C2=CC(=O)C3=C(C(=C(C=C3O2)OC)OC)OC)OC,Sinensetin
146798,XFZJEEAOWLFHDH-AVFWISQGSA-N,C1C(C(OC2=C1C(=CC(=C2C3C(C(OC4=CC(=CC(=C34)O)O)C5=CC(=C(C=C5)O)O)O)O)O)C6=CC(=C(C=C6)O)O)O,Procyanidin B3
147299,XFZJEEAOWLFHDH-VUGKQVTMSA-N,C1C(C(OC2=C1C(=CC(=C2C3C(C(OC4=CC(=CC(=C34)O)O)C5=CC(=C(C=C5)O)O)O)O)O)C6=CC(=C(C=C6)O)O)O,Procyanidin B4
155094,YHWNASRGLKJRJJ-KRWDZBQOSA-N,CC(=CCC1=C(C2=C(C=C1O)OC(CC2=O)C3=CC=C(C=C3)O)O)C,6-Prenylnaringenin
156155,ZMOZJTDOTOZVRT-DODNOZFWSA-N,CC(=O)OCC1C(C(C(C(O1)OC2=CC3=C(C=C2)C(=O)C(=CO3)C4=CC=C(C=C4)O)O)O)O,6''-O-Acetyldaidzin
160521,OGFXBIXJCWAUCH-KPHUOKFYSA-N,COC1=C(C=C2C(C(C(CC2=C1)CO)CO)C3=CC(=C(C=C3)O)OC)O,(+)-Isolariciresinol
162350,MYXNWGACZJSMBT-VJXVFPJBSA-N,C1=CC(=CC=C1C2=CC(=O)C3=C(O2)C=C(C(=C3O)C4C(C(C(C(O4)CO)O)O)O)O)O,Isovitexin
162464,VKOSQMWSWLZQPA-UHFFFAOYSA-N,COC1=C(C=CC(=C1)C2=CC(=O)C3=C(C(=C(C=C3O2)OC)OC)O)O,Cirsilineol
165558,ZJWIIMLSNZOCBP-BTTVDUMLSA-N,C1=C(C=C(C(=C1O)O)O)C2=[O+]C3=CC(=CC(=C3C=C2OC4C(C(C(C(O4)CO)O)O)O)O)O.[Cl-],Delphinidin 3-glucoside chloride
167642,DIRROHKULXIUCB-DHJOXOLYSA-N,C1=CC(=CC=C1C2=C(C=C3C(=CC(=CC3=[O+]2)O)OC4C(C(C(C(O4)CO)O)O)O)OC5C(C(C(C(O5)CO)O)O)O)O.[Cl-],"Pelargonidin 3,5-diglucoside"
169853,MOJZMWJRUKIQGL-XILRTYJMSA-N,C1C(C(OC2=C1C(=CC(=C2C3C(C(OC4=C(C(=CC(=C34)O)O)C5C(C(OC6=CC(=CC(=C56)O)O)C7=CC(=C(C=C7)O)O)O)C8=CC(=C(C=C8)O)O)O)O)O)C9=CC(=C(C=C9)O)O)O,Procyanidin C1
176449,HBKZHMZCXXQMOX-YATQZQGFSA-N,COC1=CC(=CC(=C1O)O)C2=[O+]C3=CC(=CC(=C3C=C2OC4C(C(C(C(O4)CO)O)O)O)O)O.[Cl-],Petunidin-3-O-glucoside chloride
187808,OZBAVEKZGSOMOJ-MIUGBVLSSA-N,COC1=C(C=C2C(=C1)C(=O)C(=CO2)C3=CC=C(C=C3)O)OC4C(C(C(C(O4)CO)O)O)O,Glycitin
188323,ZIIAJIWLQUVGHB-UHFFFAOYSA-N,COC1=C(C(=C2C(=C1)OC(=CC2=O)C3=CC=C(C=C3)O)O)OC,Cirsimaritin
332425,VJOBNGRIBLNUKN-ITZZLVQVSA-N,COC1=CC(=CC(=C1O)OC)C2C3COC(C3CO2)C4=CC(=C(C=C4)O)OC,"4-[(3S,3aR,6aR)-3-(4-hydroxy-3-methoxyphenyl)-1,3,3a,4,6,6a-hexahydrofuro[3,4-c]furan-6-yl]-2,6-dimethoxyphenol"
332427,MHXCIKYXNYCMHY-AUSJPIAWSA-N,COC1=C(C=CC(=C1)CC2COC(C2CO)C3=CC(=C(C=C3)O)OC)O,(+)-Lariciresinol
348130,DJOJDHGQRNZXQQ-UHFFFAOYSA-N,COC1=CC(=C2C(=O)CC(OC2=C1)C3=CC=C(C=C3)O)O,"4'-5-Dihydroxy-7-methoxyflavanone, 7-O-Methylnaringenin, Naringenin 7-O-methyl ether"
348154,DZAUWHJDUNRCTF-UHFFFAOYSA-N,C1=CC(=C(C=C1CCC(=O)O)O)O,Dihydrocaffeic Acid
384877,SNAOLIMFHAAIER-DLBZAZTESA-N,COC1=C(C=C(C=C1)CC2COC(=O)C2CC3=CC(=C(C=C3)OC)OC)OC,Arctigenin methyl ether
394846,ZITBJWXLODLDRH-XOBRGWDASA-N,COC1=C(C=CC(=C1)CC2COC(=O)C2(CC3=CC(=C(C=C3)O)OC)O)O,Nortrachelogenin
439246,FTVWIRXFELQLPI-ZDUSSCGKSA-N,C1C(OC2=CC(=CC(=C2C1=O)O)O)C3=CC=C(C=C3)O,Naringenin
440735,SBHXYTNGIZCORC-ZDUSSCGKSA-N,C1C(OC2=CC(=CC(=C2C1=O)O)O)C3=CC(=C(C=C3)O)O,(+)-Eriodictyol
441674,USNPULRDBDVJAO-FXCAAIILSA-O,CC1C(C(C(C(O1)OCC2C(C(C(C(O2)OC3=CC4=C(C=C(C=C4[O+]=C3C5=CC(=C(C=C5)O)O)O)O)O)O)O)O)O)O,Keracyanin cation
441688,RDFLLVCQYHQOBU-ZOTFFYTFSA-O,C1=CC(=C(C=C1C2=C(C=C3C(=CC(=CC3=[O+]2)O)OC4C(C(C(C(O4)CO)O)O)O)OC5C(C(C(C(O5)CO)O)O)O)O)O,Cyanin
441699,RKWHWFONKJEUEF-WVXKDWSHSA-O,C1=CC(=C(C=C1C2=[O+]C3=CC(=CC(=C3C=C2OC4C(C(C(C(O4)CO)O)O)O)O)O)O)O,Cyanidin 3-O-galactoside
441765,CILLXFBAACIQNS-BTXJZROQSA-O,COC1=CC(=CC(=C1O)OC)C2=C(C=C3C(=CC(=CC3=[O+]2)O)OC4C(C(C(C(O4)CO)O)O)O)OC5C(C(C(C(O5)CO)O)O)O,Malvin
441773,XFDQJKDGGOEYPI-UHFFFAOYSA-O,COC1=C(C=CC(=C1)C2=[O+]C3=CC(=CC(=C3C=C2O)O)O)O,"3,4',5,7-Tetrahydroxy-3'-methoxyflavylium"
442428,DFPMSGMNTNDNHN-ZPHOTFPESA-N,CC1C(C(C(C(O1)OC2C(C(C(OC2OC3=CC(=C4C(=O)CC(OC4=C3)C5=CC=C(C=C5)O)O)CO)O)O)O)O)O,Naringin
442431,HXTFHSYLYXVTHC-AJHDJQPGSA-N,CC1C(C(C(C(O1)OCC2C(C(C(C(O2)OC3=CC(=C4C(=O)CC(OC4=C3)C5=CC=C(C=C5)O)O)O)O)O)O)O)O,Narirutin
442439,ARGKVCXINMKCAZ-UZRWAPQLSA-N,CC1C(C(C(C(O1)OC2C(C(C(OC2OC3=CC(=C4C(=O)CC(OC4=C3)C5=CC(=C(C=C5)OC)O)O)CO)O)O)O)O)O,Neohesperidin
442456,NLAWPKPYBMEWIR-SKYQDXIQSA-N,CC1C(C(C(C(O1)OC2C(C(C(OC2OC3=CC(=C4C(=O)CC(OC4=C3)C5=CC=C(C=C5)OC)O)CO)O)O)O)O)O,Poncirin
442664,FIAAVMJLAGNUKW-VQVVXJKKSA-N,C1=CC(=CC=C1C2=CC(=O)C3=C(C(=C(C(=C3O2)C4C(C(C(C(O4)CO)O)O)O)O)C5C(C(C(C(O5)CO)O)O)O)O)O,Vicenin-2
442831,NATDFORNCKZPCI-FPHUIIFBSA-N,CC(=O)OC12COC(C1COC2C3=CC(=C(C=C3)O)OC)C4=CC(=C(C=C4)O)OC,Acetoxypinoresinol
443019,OJVGWDJIYBTWDS-AFHBHXEDSA-N,COC1=C(C=CC(=C1)OC2C3COC(C3CO2)C4=CC5=C(C=C4)OCO5)O,"(1R,3aR,4S,6aR)-4-((4-(1,3-Benzodioxol-5-yl)tetrahydro-1H,3H-furo(3,4-c)furan-1-yl)oxy)-2-methoxyphenol"
443652,PXUQTDZNOHRWLI-OXUVVOBNSA-O,COC1=CC(=CC(=C1O)OC)C2=[O+]C3=CC(=CC(=C3C=C2OC4C(C(C(C(O4)CO)O)O)O)O)O,Malvidin 3-Glucoside
443654,ZZWPMFROUHHAKY-OUUKCGNVSA-O,COC1=C(C=CC(=C1)C2=[O+]C3=CC(=CC(=C3C=C2OC4C(C(C(C(O4)CO)O)O)O)O)O)O,Peonidin-3-glucoside
443913,XLZUBCUKXQFBKB-JZWLZXDTSA-O,C1=CC(=CC=C1C2=[O+]C3=CC(=CC(=C3C=C2OC4C(C(C(C(O4)COC(=O)CC(=O)O)O)O)O)O)O)O,pelargonidin 3-O-(6-O-malonyl-beta-D-glucoside)
443915,ROQLTZUOXIQBDO-JZWLZXDTSA-O,C1=CC(=C(C=C1C2=[O+]C3=CC(=CC(=C3C=C2OC4C(C(C(C(O4)COC(=O)CC(=O)O)O)O)O)O)O)O)O,Cyanidin 3-(6'-malonylglucoside)
443917,IFYOHQQBIKDHFT-ASZXTAQUSA-O,CC1C(C(C(C(O1)OCC2C(C(C(C(O2)OC3=CC4=C(C=C(C=C4[O+]=C3C5=CC=C(C=C5)O)O)O)O)O)O)O)O)O,pelargonidin 3-O-rutinoside
444539,WBYWAXJHAXSJNI-VOTSOKGWSA-N,C1=CC=C(C=C1)C=CC(=O)O,Cinnamic Acid
445154,LUKBXSAWLPMMSZ-OWOJBTEDSA-N,C1=CC(=CC=C1C=CC2=CC(=CC(=C2)O)O)O,Resveratrol
452855,YFVZKLQNMNKWSB-BTYIYWSLSA-N,COC1=C(C=C(C=C1)CC2COC(=O)C2(CC3=CC(=C(C=C3)O)OC)O)OC,(-)-Trachelogenin
455261,LCAZOMIGFDQMNC-FSTFFMDFSA-N,CC(C)C1=C(C(=C2C(=C1)C(C3C4C2(CCCC4(C)C)C(=O)O3)O)O)O,"(1R,8S,9S)-3,4,8-trihydroxy-11,11-dimethyl-5-propan-2-yl-16-oxatetracyclo[7.5.2.01,10.02,7]hexadeca-2,4,6-trien-15-one"
460894,LDPLFHGGZNSKDS-HDOXWXFPSA-N,C1C(C(C(CC1(C(=O)O)O)OC(=O)C2=CC(=C(C(=C2)O)O)O)O)O,"(1R,4S)-1,3,4-trihydroxy-5-(3,4,5-trihydroxybenzoyl)oxy-cyclohexanecarboxylic acid"
467321,GPLOTACQBREROW-WQLSNUALSA-N,C1C(C(OC2=CC(=CC(=C21)O)O)C3=CC(=O)C(=C4C(=C3)C(=CC(=C4O)O)C5C(CC6=C(C=C(C=C6O5)O)O)OC(=O)C7=CC(=C(C(=C7)O)O)O)O)O,Theaflavin 3'-O-gallate
470791,KSDSYIXRWHRPMN-UHFFFAOYSA-N,C1C(OC2=CC(=CC(=C2C1=O)O)O)C3=CC=C(C=C3)OC4C(C(C(C(O4)CO)O)O)O,"5,7-Dihydroxy-2-[4-[3,4,5-trihydroxy-6-(hydroxymethyl)tetrahydropyran-2-yl]oxyphenyl]chroman-4-one"
476785,WXTPOHDTGNYFSB-RMPHRYRLSA-N,C1=C(C=C(C=C1O)OC2C(C(C(C(O2)CO)O)O)O)O,"3,5-Dihydroxyphenyl beta-D-glucopyranoside"
484757,YNVJOQCPHWKWSO-ZBVBGGFBSA-N,C1=CC(=CC=C1C2C3C(C(C4=C3C=C(C=C4O)O)C5=CC=C(C=C5)O)C6=C2C(=CC(=C6)O)O)O,Pallidol
509245,LPEPZZAVFJPLNZ-UHFFFAOYSA-N,CC(=CCC1=C2C(=C(C=C1O)O)C(=O)CC(O2)C3=CC=C(C=C3)O)C,"2,3-Dihydro-5,7-dihydroxy-2-(4-hydroxyphenyl)-8-(3-methyl-2-buten-1-yl)-4H-1-benzopyran-4-one"
513197,YKGCBLWILMDSAV-UHFFFAOYSA-N,CC(=CCC1=C2C(=C(C=C1O)OC)C(=O)CC(O2)C3=CC=C(C=C3)O)C,Isoxanthohumol
596370,LHJZSWVADJCBNI-UHFFFAOYSA-N,CC=CC1=CC(=C(C=C1)OC)O,2-Methoxy-5-(prop-1-EN-1-YL)phenol
622948,GWEGQZMFIOENRB-UHFFFAOYSA-N,C1CC2=C(C=C(C=C2OC1C3=CC=C(C=C3)O)OC4C(C(C(C(O4)CO)O)O)O)O,"2-[[5-hydroxy-2-(4-hydroxyphenyl)-3,4-dihydro-2H-chromen-7-yl]oxy]-6-(hydroxymethyl)oxane-3,4,5-triol"
637541,KKSDGJDHHZEWEP-SNAWJCMRSA-N,C1=CC(=CC(=C1)O)C=CC(=O)O,"3-coumaric acid, (E)-"
637563,RUVINXPYWBROJD-ONEGZZNKSA-N,CC=CC1=CC=C(C=C1)OC,Anethole
639665,ORXQGKIUCDPEAJ-YRNVUSSQSA-N,CC(=CCC1=C(C(=C(C=C1O)OC)C(=O)C=CC2=CC=C(C=C2)O)O)C,Xanthohumol
641605,XIWXUSFCUBAMFH-SCBUBVSKSA-N,COC1=C(C=CC(=C1)C=CC(=O)OC(C(C(=O)O)O)C(=O)O)O,Feruloyl tartaric acid
689043,QAIPRVGONGVQAS-DUXPYHPUSA-N,C1=CC(=C(C=C1C=CC(=O)O)O)O,Caffeic Acid
736186,QURCVMIEKCOAJU-HWKANZROSA-N,COC1=C(C=C(C=C1)C=CC(=O)O)O,Isoferulic Acid
969516,VFLDPWHFBUODDF-FCXRPNKRSA-N,COC1=C(C=CC(=C1)C=CC(=O)CC(=O)C=CC2=CC(=C(C=C2)O)OC)O,Curcumin
5276890,WMBWREPUVVBILR-GHTZIAJQSA-N,C1C(C(OC2=CC(=CC(=C21)O)O)C3=CC(=C(C(=C3)O)O)O)OC(=O)C4=CC(=C(C(=C4)O)O)O,Gallocatechin Gallate
5280343,REFJWTPEDVJJIY-UHFFFAOYSA-N,C1=CC(=C(C=C1C2=C(C(=O)C3=C(C=C(C=C3O2)O)O)O)O)O,Quercetin
5280373,WUADCCWRTIWANL-UHFFFAOYSA-N,COC1=CC=C(C=C1)C2=COC3=CC(=CC(=C3C2=O)O)O,Biochanin A
5280378,HKQYGTCOTHHOMP-UHFFFAOYSA-N,COC1=CC=C(C=C1)C2=COC3=C(C2=O)C=CC(=C3)O,Formononetin
5280417,LUJAXSNNYBCFEE-UHFFFAOYSA-N,COC1=CC(=C2C(=C1)OC(=C(C2=O)OC)C3=CC(=C(C=C3)O)O)O,"Quercetin 3,7-Dimethyl Ether"
5280443,KZNIFHPLKGYRTM-UHFFFAOYSA-N,C1=CC(=CC=C1C2=CC(=O)C3=C(C=C(C=C3O2)O)O)O,Apigenin
5280445,IQPNAANSBPBGFQ-UHFFFAOYSA-N,C1=CC(=C(C=C1C2=CC(=O)C3=C(C=C(C=C3O2)O)O)O)O,Luteolin
5280460,RODXRVNMMDRFIK-UHFFFAOYSA-N,COC1=C(C=C2C(=C1)C=CC(=O)O2)O,Scopoletin
5280601,VSUOKLTVXQRUSG-ZFORQUDYSA-N,C1=CC(=C(C=C1C2=CC(=O)C3=C(C=C(C=C3O2)OC4C(C(C(C(O4)C(=O)O)O)O)O)O)O)O,Luteolin 7-glucuronide
5280637,PEFNSGRTCBGNAN-QNDFHXLGSA-N,C1=CC(=C(C=C1C2=CC(=O)C3=C(C=C(C=C3O2)OC4C(C(C(C(O4)CO)O)O)O)O)O)O,Luteolin 7-O-glucoside
5280802,CDICDSOGTRCHMG-ONEGZZNKSA-N,COC1=CC(=CC(=C1O)OC)C=CC=O,Sinapaldehyde
5280804,OVSQVDMCBVZWGM-QSOFNFLRSA-N,C1=CC(=C(C=C1C2=C(C(=O)C3=C(C=C(C=C3O2)O)O)OC4C(C(C(C(O4)CO)O)O)O)O)O,Isoquercetin
5280805,IKGXIBQEEMLURG-NVPNHPEKSA-N,CC1C(C(C(C(O1)OCC2C(C(C(C(O2)OC3=C(OC4=CC(=CC(=C4C3=O)O)O)C5=CC(=C(C=C5)O)O)O)O)O)O)O)O,Rutin
5280863,IYRMWMYZSQPJKC-UHFFFAOYSA-N,C1=CC(=CC=C1C2=C(C(=O)C3=C(C=C(C=C3O2)O)O)O)O,Kaempferol
5280961,TZBJGXHYKVUXJN-UHFFFAOYSA-N,C1=CC(=CC=C1C2=COC3=CC(=CC(=C3C2=O)O)O)O,Genistein
5281157,QGUMNWHANDITDB-FPYGCLRLSA-N,C1=CC(=CC=C1C=CC(=O)NC2=C(C=C(C=C2)O)C(=O)O)O,Avenanthramide A
5281222,AYMYWHCQALZEGT-ORCRQEGFSA-N,C1=CC(=C(C=C1C=CC(=O)C2=C(C=C(C=C2)O)O)O)O,Butein
5281377,ZCOLJUOHXJRHDI-CMWLGVBASA-N,C1=CC(=CC=C1C2=COC3=CC(=CC(=C3C2=O)O)OC4C(C(C(C(O4)CO)O)O)O)O,Genistin
5281416,ILEDWLMCKZNDJK-UHFFFAOYSA-N,C1=CC(=O)OC2=CC(=C(C=C21)O)O,Esculetin
5281417,XHCADAYNFIFUHF-TVKJYDDYSA-N,C1=CC(=O)OC2=CC(=C(C=C21)OC3C(C(C(C(O3)CO)O)O)O)O,Esculin
5281426,ORHBXUUXSCNDEV-UHFFFAOYSA-N,C1=CC(=CC2=C1C=CC(=O)O2)O,Umbelliferone
5281544,RFWGABANNQMHMZ-ZCHJGGQASA-N,CC=C1C(C(=COC1OC2C(C(C(C(O2)CO)O)O)O)C(=O)OC)CC(=O)OCCC3=CC(=C(C=C3)O)O,Oleuropein
5281605,FXNFHKRTJBSTCS-UHFFFAOYSA-N,C1=CC=C(C=C1)C2=CC(=O)C3=C(O2)C=C(C(=C3O)O)O,Baicalein
5281607,RTIXKCRFFJGDFG-UHFFFAOYSA-N,C1=CC=C(C=C1)C2=CC(=O)C3=C(C=C(C=C3O2)O)O,Chrysin
5281613,GZSOSUNBTXMUFQ-YFAPSIMESA-N,CC1C(C(C(C(O1)OCC2C(C(C(C(O2)OC3=CC(=C4C(=C3)OC(=CC4=O)C5=CC(=C(C=C5)OC)O)O)O)O)O)O)O)O,Diosmin
5281616,VCCRNZQBSJXYJD-UHFFFAOYSA-N,C1=CC=C(C=C1)C2=C(C(=O)C3=C(C=C(C=C3O2)O)O)O,Galangin
5281618,OUMMPAFEQHTYIZ-UHFFFAOYSA-N,COC1=C(C=CC(=C1)C2=CC(=O)C3=C(O2)C=C(C=C3)O)O,Geraldone
5281628,IHFBPDAQLQOCBX-UHFFFAOYSA-N,COC1=C(C2=C(C=C1O)OC(=CC2=O)C3=CC=C(C=C3)O)O,Hispidulin
5281642,VYAKIUWQLHRZGK-UHFFFAOYSA-N,C1=CC(=C(C=C1C2=CC(=O)C3=C(O2)C=C(C(=C3O)O)O)O)O,6-Hydroxyluteolin
5281643,OVSQVDMCBVZWGM-DTGCRPNFSA-N,C1=CC(=C(C=C1C2=C(C(=O)C3=C(C=C(C=C3O2)O)O)OC4C(C(C(C(O4)CO)O)O)O)O)O,Hyperoside
5281654,IZQSVPBOUDKVDZ-UHFFFAOYSA-N,COC1=C(C=CC(=C1)C2=C(C(=O)C3=C(C=C(C=C3O2)O)O)O)O,Isorhamnetin
5281669,RNDGJCZQVKFBPI-ASDZUOGYSA-N,C1=CC(=C(C=C1C2=CC(=O)C3=C(C=C(C=C3O2)OC4C(C(C(C(O4)COC(=O)CC(=O)O)O)O)O)O)O)O,Luteolin 7-O-malonylglucoside
5281670,YXOLAZRVSSWPPT-UHFFFAOYSA-N,C1=CC(=C(C=C1O)O)C2=C(C(=O)C3=C(C=C(C=C3O2)O)O)O,Morin
5281672,IKMDFBPHZNJCSN-UHFFFAOYSA-N,C1=C(C=C(C(=C1O)O)O)C2=C(C(=O)C3=C(C=C(C=C3O2)O)O)O,Myricetin
5281673,DCYOADKBABEMIQ-OWMUPTOHSA-N,CC1C(C(C(C(O1)OC2=C(OC3=CC(=CC(=C3C2=O)O)O)C4=CC(=C(C(=C4)O)O)O)O)O)O,Myricitrin
5281690,RLTNQOUWXZXZCS-VMMUDTPISA-N,CC1C(C(C(C(O1)OCC2C(C(C(C(O2)OC3=C(OC4=CC(=CC(=C4C3=O)O)O)C5=CC(=C(C=C5)O)O)OC6C(C(C(CO6)O)O)O)O)O)O)O)O,Quercetin 3-O-(2G-beta-D-xylopyranosylrutinoside)
5281691,JGUZGNYPMHHYRK-UHFFFAOYSA-N,COC1=CC(=C2C(=C1)OC(=C(C2=O)O)C3=CC(=C(C=C3)O)O)O,Rhamnetin
5281697,JVXZRQGOGOXCEC-UHFFFAOYSA-N,C1=CC(=CC=C1C2=CC(=O)C3=C(O2)C=C(C(=C3O)O)O)O,Scutellarein
5281707,ZZIALNLLNHEQPJ-UHFFFAOYSA-N,C1=CC2=C(C=C1O)OC3=C2C(=O)OC4=C3C=CC(=C4)O,Coumestrol
5281708,ZQSIJRDFPHDXIC-UHFFFAOYSA-N,C1=CC(=CC=C1C2=COC3=C(C2=O)C=CC(=C3)O)O,Daidzein
5281718,HSTZMXCBWJGKHG-CUYWLFDKSA-N,C1=CC(=CC=C1C=CC2=CC(=CC(=C2)OC3C(C(C(C(O3)CO)O)O)O)O)O,Polydatin
5281727,VLEUZFDZJKSGMX-ONEGZZNKSA-N,COC1=CC(=CC(=C1)C=CC2=CC=C(C=C2)O)OC,Pterostilbene
5281728,FQWLMRXWKZGLFI-YVYUXZJTSA-N,C1=CC(=CC=C1C=CC2=C3C(C(OC3=CC(=C2)O)C4=CC=C(C=C4)O)C5=CC(=CC(=C5)O)O)O,Epsilon-Viniferin
5281764,YDDGKXBLOXEEMN-IABMMNSOSA-N,C1=CC(=C(C=C1C=CC(=O)OC(C(C(=O)O)OC(=O)C=CC2=CC(=C(C=C2)O)O)C(=O)O)O)O,(-)-Chicoric acid
5281766,XWRHBGVVCOSNKO-OPGYGNEESA-N,C1C(C(C(CC1(C(=O)O)O)O)OC(=O)C=CC2=CC=C(C=C2)O)O,Npc200561
5281792,DOUMFZQKYFQNTF-WUTVXBCWSA-N,C1=CC(=C(C=C1CC(C(=O)O)OC(=O)C=CC2=CC(=C(C=C2)O)O)O)O,Rosmarinic Acid
5281800,FBSKJMQYURKNSU-ZLSOWSIRSA-N,CC1C(C(C(C(O1)OC2C(C(OC(C2OC(=O)C=CC3=CC(=C(C=C3)O)O)CO)OCCC4=CC(=C(C=C4)O)O)O)O)O)O,Verbascoside
5281855,AFSDNFLWKVMVRB-UHFFFAOYSA-N,C1=C2C3=C(C(=C1O)O)OC(=O)C4=CC(=C(C(=C43)OC2=O)O)O,Ellagic Acid
5281946,LYISDADPVOHJBJ-UHFFFAOYSA-N,COC1=C(OC2=CC(=CC(=C2C1=O)O)O)C3=CC=CC=C3,Galangin 3-methyl ether
5282102,JPUKWEQWGBDDQB-QSOFNFLRSA-N,C1=CC(=CC=C1C2=C(C(=O)C3=C(C=C(C=C3O2)O)O)OC4C(C(C(C(O4)CO)O)O)O)O,Astragalin
5282150,RPMNUQRUHXIGHK-PYXJVEIZSA-N,CC1C(C(C(C(O1)OC2C(C(C(OC2OC3=CC(=C4C(=C3)OC(=CC4=O)C5=CC=C(C=C5)O)O)CO)O)O)O)O)O,Rhoifolin
5282155,LKZDFKLGDGSGEO-UJECXLDQSA-N,C1=CC(=CC=C1C2=C(C(=O)C3=C(C=C(C=C3O2)O)O)OC4C(C(C(C(O4)CO)O)O)OC5C(C(C(C(O5)CO)O)O)O)O,kaempferol 3-O-sophoroside
5282166,RDUAJIJVNHKTQC-UJECXLDQSA-N,C1=CC(=C(C=C1C2=C(C(=O)C3=C(C=C(C=C3O2)O)O)OC4C(C(C(C(O4)CO)O)O)OC5C(C(C(C(O5)CO)O)O)O)O)O,quercetin 3-O-sophoroside
5315472,PREBVFJICNPEKM-YDWXAUTNSA-N,C1=CC(=CC=C1C=CC(=O)CC(=O)C=CC2=CC=C(C=C2)O)O,Bisdemethoxycurcumin
5315600,GYFFKZTYYAFCTR-BKRVHWFXSA-N,C1C(C(C(CC1(C(=O)O)O)O)OC(=O)C=CC2=CC(=C(C=C2)O)O)O,"(3R,5S)-4-[(E)-3-(3,4-Dihydroxyphenyl)prop-2-enoyl]oxy-1,3,5-trihydroxycyclohexane-1-carboxylic acid"
5315831,DXWGBJJLEDQBKS-LDBVRRDLSA-N,CC(=O)OCC1C(C(C(C(O1)OC2=CC(=C3C(=C2)OC=C(C3=O)C4=CC=C(C=C4)O)O)O)O)O,6''-O-Acetylgenistin
5316496,WIIMVXRNTVGXEQ-LCENJUANSA-O,C1=C(C=C(C(=C1O)O)O)C2=[O+]C3=CC(=CC(=C3C=C2OC4C(C(C(C(O4)COC5C(C(C(C(O5)CO)O)O)O)O)O)O)O)O,Delphinidin 3-glucosylglucoside
5317238,WDKYDMULARNCIS-GQCTYLIASA-N,CCOC(=O)C=CC1=CC(=C(C=C1)O)O,Ethyl Caffeate
5317284,FHHSEFRSDKWJKJ-UHFFFAOYSA-N,COC1=C(C2=C(C=C1O)OC(=CC2=O)C3=CC(=C(C=C3)O)O)O,Nepetin
5317346,RAGZUCNPTLULOL-HWKANZROSA-N,COC1=C(C=CC(=C1)C=CC(=O)OC2CC(CC(C2O)O)(C(=O)O)O)O,"Feruloyl quinic acid (isomer of 887, 888)"
5317750,DXYUAIFZCFRPTH-UHFFFAOYSA-N,COC1=C(C=C2C(=C1)C(=O)C(=CO2)C3=CC=C(C=C3)O)O,Glycitein
5318645,CQLRUIIRRZYHHS-LFXZADKFSA-N,COC1=C(C=CC(=C1)C2=C(C(=O)C3=C(C=C(C=C3O2)O)O)OC4C(C(C(C(O4)CO)O)O)O)O,Isorhamnetin 3-O-glucoside
5318648,VCUKTRIKOSSHLY-HMMBGAFDSA-N,CC(C1C(C(C(O1)OC2=C(OC3=CC(=CC(=C3C2=O)O)O)C4=CC(=C(C=C4)O)OC)O)O)O,"3-[(2S,3R,4S,5S)-3,4-dihydroxy-5-(1-hydroxyethyl)oxolan-2-yl]oxy-5,7-dihydroxy-2-(4-hydroxy-3-methoxyphenyl)chromen-4-one"
5319484,JBFOLLJCGUCDQP-ZFORQUDYSA-N,C1=CC(=CC=C1C2=CC(=O)C3=C(C=C(C=C3O2)OC4C(C(C(C(O4)C(=O)O)O)O)O)O)O,Apigenin 7-O-glucuronide
5320508,XYWFSSFJPFAYCA-YYKCRFIFSA-O,COC1=CC(=CC(=C1O)O)C2=[O+]C3=CC(=CC(=C3C=C2OC4C(C(C(CO4)O)O)O)O)O,
5320835,RPVIQWDFJPYNJM-DEFKTLOSSA-N,C1=CC(=C(C=C1C2=C(C(=O)C3=C(C=C(C=C3O2)O)O)OC4C(C(C(C(O4)CO)O)O)O)O)OC5C(C(C(C(O5)CO)O)O)O,"Quercetin 3,4'-diglucoside"
5320844,OIUBYZLTFSLSBY-HMGRVEAOSA-N,C1=CC(=C(C=C1C2=C(C(=O)C3=C(C=C(C=C3O2)O)O)O)O)OC4C(C(C(C(O4)CO)O)O)O,Quercetin 4'-O-glucoside
5320863,PZZRDJXEMZMZFD-DUYPVGENSA-N,C1C(C(C(C(O1)OC2=C(OC3=CC(=CC(=C3C2=O)O)O)C4=CC(=C(C=C4)O)O)O)O)O,Quercetin-3-D-xyloside
5322065,PVFGJHYLIHMCQD-UHFFFAOYSA-N,C1=CC(=C(C=C1C2=CC(=O)C3=C(O2)C=C(C=C3)O)O)O,"3',4',7-Trihydroxyflavone"
5359430,OXGUCUVFOIWWQJ-XIMSSLRFSA-N,CC1C(C(C(C(O1)OC2=C(OC3=CC(=CC(=C3C2=O)O)O)C4=CC(=C(C=C4)O)O)O)O)O,quercetin 3-O-alpha-L-fucopyranoside
5379096,GLAAQZFBFGEBPS-UHFFFAOYSA-N,COC1=C(C=CC(=C1)C2=CC(=O)C3=C(O2)C=C(C(=C3O)OC)O)O,Jaceosidin
5469424,HJTVQHVGMGKONQ-LUZURFALSA-N,COC1=C(C=CC(=C1)C=CC(=O)CC(=O)C=CC2=CC=C(C=C2)O)O,Demethoxycurcumin
5481224,PZZRDJXEMZMZFD-IEGSVRCHSA-N,C1C(C(C(C(O1)OC2=C(OC3=CC(=CC(=C3C2=O)O)O)C4=CC(=C(C=C4)O)O)O)O)O,Guaijaverin
5483905,ZEJXENDZTYVXDP-CSJHBIPPSA-N,CC1C(C(C(C(O1)OC2C(C(C(OC2OC3=CC(=C4C(=C3)OC(=C(C4=O)O)C5=CC=C(C=C5)O)O)CO)O)O)O)O)O,Kaempferol 7-O-neohesperidoside
5486615,ZJYAVUPWMNHHEU-GFOOFYSOSA-N,C1=C(C=C(C(=C1O)O)OC2C(C(C(C(O2)CO)O)O)O)C3=C(C(=O)C4=C(C=C(C=C4O3)O)O)O,Myricetin 3'-glucoside
5488283,JPUKWEQWGBDDQB-HBDJNLTOSA-N,C1=CC(=CC=C1C2=C(C(=O)C3=C(C=C(C=C3O2)O)O)OC4C(C(C(C(O4)CO)O)O)O)O,Kaempferol 3-O-D-Galactoside
5492231,PLKUTZNSKRWCCA-LTSKFBHWSA-O,CC1C(C(C(C(O1)OCC2C(C(C(C(O2)OC3=CC4=C(C=C(C=C4[O+]=C3C5=CC(=C(C(=C5)O)O)O)O)O)O)O)O)O)O)O,Delphinidin 3-(6-rhamnosylglucosuide)
5492482,XEFNBVWDOQCMSG-GJHFDJSNSA-N,CC1C(C(C(C(O1)OCC2C(C(C(C(O2)OC3=C(OC4=CC(=CC(=C4C3=O)O)O)C5=CC(=C(C=C5)O)O)O)O)O)O)OC6C(C(C(C(O6)CO)O)O)O)O,"2-(3,4-Dihydroxyphenyl)-3-((O-beta-D-glucopyranosyl-(1->3)-O-6-deoxy-alpha-L-mannopyranosyl-(1->6)-beta-D-galactopyranosyl)oxy)-5,7-dihydroxy-4H-1-benzopyran-4-one"
5492738,PBLXMLFSQXRIOJ-UHFFFAOYSA-N,CCCC1=C2C(=C3C(=CC(=O)C4=C(C3=O)OC5C4(C(C(C(O5)C)O)O)O)C2=O)C=C(N1)C,
5716903,XYIQIBWIEGCVQY-RWHUQTJRSA-N,CC(=CCCC(=CCC1=C(C2=C(C=C1O)OC(CC2=O)C3=CC=C(C=C3)O)O)C)C,Bonannione A
5748168,TUJOKWPTOVJHLY-JBJHRQGLSA-N,C1C(C(OC2=CC(=CC(=C21)O)O)C3=CC(=O)C(=C4C(=C3)C(=CC(=C4OC(=O)C5=CC(=C(C(=C5)O)O)O)O)C6C(CC7=C(C=C(C=C7O6)OC(=O)C8=CC(=C(C(=C8)O)O)O)O)O)O)O,Theaflavin Digallate
5748416,FYBMGZSDYDNBFX-KLUVJTJFSA-N,CC1C(C(C(C(O1)OC2C(C(C(OC2OC3=C(OC4=CC(=CC(=C4C3=O)O)O)C5=CC(=C(C=C5)O)O)CO)O)O)O)O)O,Quercetin 3-O-alpha-rhamnopyranosyl-(1-2)-beta-galactopyranoside
6324921,GYQQQCVFOLKXGH-FSAPOUEDSA-N,COC1=C(C=CC(=C1)C2=CC(=O)C3=C(C=C(C=C3O2)OC4C(C(C(C(O4)CO)O)O)OC5C(C(CO5)(CO)O)O)O)O,Chrysoeriol 7-O-apiosyl-glucoside
6325460,XFFQVRFGLSBFON-DEFKTLOSSA-N,C1=CC(=CC=C1C2=C(C(=O)C3=C(C=C(C=C3O2)OC4C(C(C(C(O4)CO)O)O)O)O)OC5C(C(C(C(O5)CO)O)O)O)O,"Kaempferol 3,7-diglucoside"
6474310,KRZBCHWVBQOTNZ-RDJMKVHDSA-N,C1C(C(C(CC1(C(=O)O)O)OC(=O)C=CC2=CC(=C(C=C2)O)O)O)OC(=O)C=CC3=CC(=C(C=C3)O)O,isochlorogenic acid A
6476722,KYVUMEGNMQDSHO-VQQRNZRFSA-N,CC=C1C(C(=COC1OC2C(C(C(C(O2)CO)O)O)O)C(=O)OC)CC(=O)OC,"methyl (4S,5Z,6S)-5-ethylidene-4-(2-methoxy-2-oxo-ethyl)-6-[(3R,4S,5S,6R)-3,4,5-trihydroxy-6-(hydroxymethyl)tetrahydropyran-2-yl]oxy-4H-pyran-3-carboxylate"
6711966,UFCLZKMFXSILNL-BSONOGBHSA-N,C1C(C(C(CC1(C(=O)O)O)OC(=O)C=CC2=CC(=C(C=C2)O)O)OC(=O)C=CC3=CC(=C(C=C3)O)O)O,"(1R,4R,5R)-3,4-bis[3-(3,4-dihydroxyphenyl)prop-2-enoyloxy]-1,5-dihydroxycyclohexane-1-carboxylic acid"
9840292,LJFYQZQUAULRDF-FDGSXQGBSA-N,C1=CC(=CC=C1C=CC(=O)O)OC2C(C(C(C(O2)CO)O)O)O,P-Coumaric acid glucoside
9867509,ABVCUBUIXWJYSE-UNJWAJPSSA-O,C1=CC(=CC=C1C2=[O+]C3=CC(=CC(=C3C=C2OC4C(C(C(C(O4)CO)O)O)O)O)O)O,"(2R,3S,4R,5R,6S)-2-[5,7-dihydroxy-2-(4-hydroxyphenyl)chromenylium-3-yl]oxy-6-(hydroxymethyl)oxane-3,4,5-triol"
9913968,MTXMHWSVSZKYBT-ASDZUOGYSA-N,C1=CC(=CC=C1C2=COC3=C(C2=O)C=CC(=C3)OC4C(C(C(C(O4)COC(=O)CC(=O)O)O)O)O)O,6''-O-Malonyldaidzin
10100906,XCTGXGVGJYACEI-LCENJUANSA-O,C1=C(C=C(C(=C1O)O)O)C2=C(C=C3C(=CC(=CC3=[O+]2)O)OC4C(C(C(C(O4)CO)O)O)O)OC5C(C(C(C(O5)CO)O)O)O,"Delphinidin 3,5-diglucoside"
10283930,PWFJILMZPHBSAY-SMRKDPLKSA-N,CC1C(C(C(C(O1)OC2C(OC(C(C2O)O)OCC3C(C(C(C(O3)OC4=C(OC5=CC(=CC(=C5C4=O)O)O)C6=CC(=C(C=C6)O)O)O)O)O)C)O)O)O,Quercetin 3-isorhamninoside
10461109,MGYBYJXAXUBTQF-FOBVWLSUSA-N,CC1C(C(C(C(O1)OCC2C(C(C(C(O2)OC3=CC(=C4C(=C3)OC(=CC4=O)C5=CC(=C(C=C5)O)O)O)O)O)O)O)O)O,Scolymoside
11169452,SXYMMDGPXYVCER-WGNLCONDSA-O,C1=CC(=C(C=C1C2=[O+]C3=CC(=CC(=C3C=C2OC4C(C(C(C(O4)CO)O)O)OC5C(C(C(C(O5)CO)O)O)O)O)O)O)O,cyanidin 3-O-sophoroside
11646293,PUETUDUXMCLALY-AXUFJWGNSA-N,COC1=C(C=CC(=C1)CC(CO)C(CC2=CC(=C(C=C2)O)OC)CO)O,"(2R,3R)-2,3-bis[(4-hydroxy-3-methoxyphenyl)(113C)methyl](113C)butane-1,4-diol"
11649946,GMISZFQPFDAPGI-OSYQBESMSA-N,C1C(C(OC2=C1C(=C(C(=C2)O)C3C(C(OC4=CC(=CC(=C34)O)O)C5=CC(=C(C=C5)O)O)O)O)C6=CC(=C(C=C6)O)O)O,"(2R,3R)-2-(3,4-dihydroxyphenyl)-6-((2R,3S,4S)-2-(3,4-dihydroxyphenyl)-3,5,7-trihydroxy-3,4-dihydro-2H-chromen-4-yl)-3,4-dihydro-2H-chromene-3,5,7-triol"
11968881,QZXHFNCQMMUANB-UINLEYECSA-N,C1=CC(=C(C=C1C2=C(C(=O)C3=C(C=C(C=C3O2)OC4C(C(C(C(O4)CO)O)O)O)O)O)O)OC5C(C(C(C(O5)CO)O)O)O,"Quercetin 7,4'-diglucoside"
11972309,POOVYWIYTSHEES-QHAFYCPUSA-N,C1=CC=C(C=C1)C=CC(=O)OC2C(C(C(OC2O)CO)O)O,2-O-cinnamoyl-beta-D-glucose
12310830,CWVRJTMFETXNAD-KJOPMHRFSA-N,C1C(C(C(CC1(C(=O)O)O)OC(=O)C=CC2=CC(=C(C=C2)O)O)O)O,"(1R,3S,4S,5S)-3-((E)-3-(3,4-Dihydroxyphenyl)Acryloyloxy)-1,4,5-Trihydroxycyclohexanecarboxylic Acid"
15922818,DHTPVCYNNWQRMN-LHRGPQAGSA-O,C1=CC(=CC=C1C=CC(=O)OCC2C(C(C(C(O2)OC3=CC4=C(C=C(C=C4[O+]=C3C5=CC(=C(C(=C5)O)O)O)O)O)O)O)O)O,Delphinidin-3-O-(6-p-coumaroyl)glucoside
15934091,FRAUJUKWSKMNJY-RSEYPYQYSA-N,C1=CC(=CC=C1C2=COC3=CC(=CC(=C3C2=O)O)OC4C(C(C(C(O4)COC(=O)CC(=O)O)O)O)O)O,Malonylgenistin
16129869,ZJVUMAFASBFUBG-UHFFFAOYSA-N,C1C2C(C3C(C(O2)O)OC(=O)C4=CC(=C(C(=C4C5=C(C(=C(C=C5C(=O)O3)O)O)O)O)O)O)OC(=O)C6=CC(=C(C(=C6C7=C(C(=C8C9=C7C(=O)OC2=C(C(=C(C3=C(C(=C(C=C3C(=O)O1)O)O)O)C(=C92)C(=O)O8)O)O)O)O)O)O)O,Npc88976
16131123,NBUYFBLGWAUSQK-OWOJBTEDSA-N,C1C2C(C(OC=COC(=O)C3=CC4=C(C(=C3C5=C(C(=C(C=C5C(=O)O1)O)O)O)O)OC6=CC(=CC(=C6O4)O)C(=O)OC7C8C(C(C(O7)CO)OC(=O)C9=CC(=C(C(=C9C1=C(C(=C(C=C1C(=O)O8)O)O)O)O)O)O)O)OC(=O)C1=CC(=C(C(=C1)OC1=C(C(=C(C(=C1C(=O)O)C1=C(C(=C(C=C1C(=O)O)O)O)O)O)O)O)O)O)OC(=O)C1=CC(=C(C(=C1C1=C(C(=C(C=C1C(=O)O2)O)O)O)O)O)O,"alpha-D-Glucopyranose, cyclic 4,6-(3-(5-(((2,3:4,6-bis-O-((4,4',5,5',6,6'-hexahydroxy(1,1'-biphenyl)-2,2'-diyl)dicarbonyl)-beta-D-glucopyranosyl)oxy)carbonyl)-2,3-dihydroxyphenoxy)-4,4',5,5',6,6'hexahydroxy(1,1'-biphenyl)-2,2,3-(4,4',5,5',6,6'-hexahydroxy(1,1'-biphenyl)-2,2'-dicarboxylate) 1-(3,4,5-trihydroxybenzoate), stereoisomer"
16131430,XAXVWWYPKOGXSY-DBHYGPPCSA-N,C1=CC(=CC=C1C2C(C3=C4C(C(OC4=CC(=C3)O)C5=CC=C(C=C5)O)C6=C2C(=CC(=C6)O)O)C7=C(C=CC(=C7)C=CC8=C9C(C(OC9=CC(=C8)O)C1=CC=C(C=C1)O)C1=CC(=CC(=C1)O)O)O)O,Vitisin A
16211399,NTDLXWMIWOECHG-MFMSCHSJSA-N,C1C(C(C(O1)OC2C(C(C(OC2OC3=CC(=C4C(=C3)OC(=CC4=O)C5=CC=C(C=C5)O)O)CO)O)O)O)(CO)O,Apigenin-7-(2-O-apiosylglucoside)
16760075,RMCRQBAILCLJGU-HIBKWJPLSA-N,CC1C(C(C(C(O1)OCC2C(C(C(C(O2)OC3=CC(=C4C(=O)CC(OC4=C3)C5=CC=C(C=C5)OC)O)O)O)O)O)O)O,Didymin
17751020,FKIYLTVJPDLUDL-WCDRIBADSA-N,CC1C(C(C(C(O1)OCC2C(C(C(C(O2)OC3=CC(=C4C(=C3)OC(=CC4=O)C5=CC=C(C=C5)O)O)O)O)O)O)O)O,"5-hydroxy-2-(4-hydroxyphenyl)-7-[(2S,3R,4S,5S,6R)-3,4,5-trihydroxy-6-[[(2S,3S,4S,5S,6R)-3,4,5-trihydroxy-6-methyloxan-2-yl]oxymethyl]oxan-2-yl]oxychromen-4-one"
23724657,OWMHCYFEIJPHFB-GOZZSVHWSA-N,COC1=C(C=C2C(=C1)C(=O)C(=CO2)C3=CC=C(C=C3)O)OC4C(C(C(C(O4)COC(=O)CC(=O)O)O)O)O,6''-O-Malonylglycitin
23724704,HASVPNDDKSXPGU-WGNLCONDSA-O,C1=CC(=CC=C1C2=[O+]C3=CC(=CC(=C3C=C2OC4C(C(C(C(O4)CO)O)O)OC5C(C(C(C(O5)CO)O)O)O)O)O)O,Pelargonidin 3-O-sophoroside
23724734,RTVUMLBJQCCROY-SHPGVJHPSA-O,C1=CC(=C(C=C1C=CC(=O)OCC2C(C(C(C(O2)OC3=CC4=C(C=C(C=C4[O+]=C3C5=CC(=C(C=C5)O)O)O)O)O)O)O)O)O,Cyanidin 3-(6-p-caffeoyl)glucoside
25021367,ABVCUBUIXWJYSE-CWVBCOCOSA-O,C1=CC(=CC=C1C2=[O+]C3=CC(=CC(=C3C=C2OC4C(C(C(C(O4)CO)O)O)O)O)O)O,"(2R,3R,4S,5R,6R)-2-[5,7-dihydroxy-2-(4-hydroxyphenyl)chromenylium-3-yl]oxy-6-(hydroxymethyl)oxane-3,4,5-triol"
25079994,ZWAAFZOEMBEAAF-YGUHJOONSA-O,COC1=CC(=CC(=C1O)OC)C2=[O+]C3=CC(=CC(=C3C=C2OC4C(C(C(CO4)O)O)O)O)O,"(2R,3R,4S,5S)-2-[5,7-dihydroxy-2-(4-hydroxy-3,5-dimethoxyphenyl)chromenylium-3-yl]oxyoxane-3,4,5-triol"
25087690,XZUBZVMZVWFBNE-RDOJZNBBSA-O,C1C(C(C(C(O1)OC2=CC3=C(C=C(C=C3[O+]=C2C4=CC(=C(C(=C4)O)O)O)O)O)O)O)O,Delphinidin 3-o-arabinoside
25201489,SQFSKOYWJBQGKQ-UHFFFAOYSA-M,COC1=CC=C(C=C1)C2=C(C(=O)C3=C(C=C(C=C3O2)O)O)[O-],Kaempferide(1-)
25202794,SOSLMHZOJATCCP-MKMJNHTISA-M,CC1C(C(C(C(O1)OC2=C(OC3=CC(=CC(=C3C2=O)[O-])O)C4=CC=C(C=C4)O)O)O)O,kaempferol 3-O-rhamnoside
25244576,KKJMOABHCCNIEF-AVPDHNOJSA-N,C1=CC(=C(C=C1C2=C(C=C3C(=CC(=O)C=C3O2)O)OC4C(C(C(C(O4)CO)O)O)O)O)O,"2-(3,4-dihydroxyphenyl)-5-hydroxy-3-[(3R,4S,5S,6R)-3,4,5-trihydroxy-6-(hydroxymethyl)oxan-2-yl]oxychromen-7-one"
25245871,ADHNTNYEJYJUCU-ZSJFXSENSA-N,COC1=C(C=CC(=C1)C=CC(=O)OC2C(C(C(OC2O)CO)O)O)O,coumaroyl(3-OMe)(-2)Glc
25246267,YPWHZCPMOQGCDQ-CXWQUDHASA-M,C1=CC(=CC=C1C2=C(C(=O)C3=C(C=C(C=C3O2)OC4C(C(C(C(O4)CO)O)O)O)O)[O-])O,
54682930,VXIXUWQIVKSKSA-UHFFFAOYSA-N,C1=CC=C2C(=C1)C(=CC(=O)O2)O,4-Hydroxycoumarin
