DataSrc_ID,Authors,Title,Year,Journal,Vol,Start_Page,End_Page
1,"Achouri, A., Boye, J. I., and Belanger, D. ",Soybean isoflavones: Efficacy of extraction conditions and effect of food type on extractability.,2008.0,Food Res. Int.,38,1199,1204
2,"Antonelli, M. L., Faberi, A., Pastorini, E., Samperi, R., and Lagana, A. .",Simultaneous quantification of free and conjugated phytoestrogens in leguminosae by liquid chromatography-tandem mass spectrometry,2005.0,Talanta,66,1025,1033
3,"Barnes, S., Kirk, M., and Coward, L. ",Isoflavones and their conjugates in soy foods: Extraction conditions and analysis by HPLC- mass spectrometry.,1994.0,J. Agric. Food Chem.,42,2466,2474
4,"Caldwell, C. R., Britz, S. J., and Mirecki, R. M.","Effect of temperature, elevated carbon dioxide, and drought during seed development on the isoflavone content of dwarf soybean [Glycine max.(L.) Merrill] grown in controlled environments.",2005.0,J. Agric. Food Chem.,53,1125,1129
5,"Carrao-Panizzi, M., and Kitamura, K. ",Isoflavone content in Brazilian soybean cultivars.,1995.0,Breeding Science,45,295,300
6,"Charron, C. S., Allen, F. L., Johnson, R. D., Pantalone, V. R., and Sams, C. E. ",Correlations of oil and protein with isoflavone concentration in soybean [Glycine max. (L.) Merr.].,2005.0,J. Agric. Food Chem.,53,7128,7135
7,"Chiarello, M. D., Le Guerroué, J-L., Chagas, C. M. S., Franco, O. L., Bianchini, E., and João, M. J.",Influence of heat treatment and grain germination on the isoflavone profile of soy milk.,2006.0,J. Food BioChem.,30,234,247
8,"Chiou, R. Y.-Y. and Cheng, S. L.",Isoflavone transformation during soybean koji preparation and subsequent miso fermentation supplemented with ethanol and NaCl.,2001.0,J. Agric. Food Chem.,49,3656,3660
9,"Choi, Y-S., Lee, B-H., Kim, J-H., and Kim, N-S.",Concentration of phytoestrogens in soybeans and soybean products in Korea.,2000.0,J. Sci. Food Agric.,80,1709,1712
10,"Choi, J-S., C., Kwon,T-W., and Kim, J-S.",Isoflavone contents in some varieties of soybean.,1996.0,Foods and Biotechnology,5,167,169
11,"Coward, L., Smith, M., Kirk, M., and Barnes, S.",Chemical modification of isoflavones in soyfoods during cooking and processing.,1998.0,Am. J. Clin. Nutr.,68(S),1486S,1491S
12,"Coward, L., Kirk, M., Albin, N., and Barnes, S. ",Analysis of plasma isoflavones by reverse-phase HPLC-multiple reaction ion monitoring-mass spectrometry.,1996.0,Clinica Chimica Acta,247,121,142
13,"Coward, L., Barnes, N., Setchell, K D R., and Barnes, S. ","Genistein, Daidzein, and their $-glycoside conjugates: Antitumor isoflavones in soybean foods from American and Asian diets.",1993.0,J. Agric. Food Chem.,41,1961,1967
14,"Downing, J. M., Chung, O. K., Seib, P. A., and Hubbard, J. D.",Pressurized solvent extraction of genistein and its  -glucoside conjugates from soybean flours and soy-based foods.,2007.0,Cereal Chem.istry,84,44,47
15,"Duke, S. O., Rimando, A. M., Pace, P. F., Reddy, K. N., and Smeda, R. J. ","Isoflavone, glyphosate, and aminomethylphosphonic acid levels in seeds of glyphosate-resistant soybean.",2003.0,J. Agric. Food Chem.,57,340,344
16,"Dwyer, J. T., Goldin, B. R., Saul, N., Gualtieri, L., Barakat, S. and Adlercreutz, H ",Tofu and soy drinks contain phytoestrogens.,1994.0,J. Am. Diet. Assoc.,94,739,743
17,"Eisen, B., Ungar, Y., and Shimoni, E. ",Stability of isoflavones in soy milk stored at elevated and ambient temperatures.,2003.0,J. Agric. Food Chem.,51,2212,2215
18,"Eldridge, A. C. and Kwolek, W. F. ",Soybean isoflavones: Effect of environment and variety on composition.,1953.0,J. Agric. Food Chem.,31,394,396
19,"Fang, N., Yu, S., and Badger, T. M. ",Comprehensive phytochemical profile of soy isolate.,2004.0,J. Agric. Food Chem.,52,4012,4020
20,"Farmakalidis, E. and Murphy, P. A. ","Isolation of 6""-O-Acetylgenistin and 6""-O-Acetyldaidzin from toasted defatted soyflakes",1985.0,J. Agric. Food Chem.,33,385,389
21,"Fenner, G. P. ",Low-temperature treatment of soybean (Glycine max) isoflavonoid aglycon extracts improves gas chromatgraphic resolution.,1986.0,J. Agric. Food Chem.,44,3727,3729
22,"Franke, A. A., Hankin, J. H., Yu, M. C., Maskarinec, G., Low, S-H., and Custer, L. ",Isoflavone levels in soy foods consumed by multiethnic populations in Singapore and Hawaii.,1999.0,J. Agric. Food Chem.,47,977,986
23,"Franke, A. A., Custer, L. J., Wang, W., and Shi, C. Y. ",HPLC analysis of isoflavonoids and other phenolic agents from foods and from human fluids.,1998.0,Proc. Soc. Exp. Biol. Med.,217,263,273
24,"Franke, A. A., Custer, L. J., Cerna, C. M., and Narala, K. ",Rapid HPLC analysis of dietary phytoestrogens from legumes and from human urine.,1995.0,Proc. Soc. Exp. Biol. Med.,208,18,26
25,"Fukutake, M., Takahashi, M., Ishida, K., Kawamura, H., Sugimura, T., and Wakabayashi, K. ",Quantification of genistein and genistin in soybeans and soybean products.,1996.0,Food and Chemical Toxicology,34,457,461
26,"Ganzera, M. and Stuppner, H. ",Simultaneous determination of saponins and isoflavones in soybean (Glycine max L.) by reversed-phase liquid chromatography with evaporative light-scattering ultraviolet detection.,2004.0,J. AOAC Int.,87,1189,1194
27,"Genovese, M. I., Hassimoto, N. M. A., and Lajolo, F. M. ",Isoflavone profile and antioxidant activity of Brazilian soybean varieties.,2005.0,Food Sci. Tech. Int.,11,205,211
28,"Genovese, M. I. and Lajolo, F. M. ","Isoflavones in soy-based foods consumed in Brazil: Levels, distribution, and estimated intakes.",2002.0,J. Agric. Food Chem.,50,5987,5993
29,"Gentile, C., Tesirier, L., Butera, D., Fazzari, M., Monastero, M., Allegra, M., and Livera, M. A. ",Antioxidant activity of Sicilian pistachio (Pistacia vera L. Var Bronte) nut extract and its bioactive components.,2007.0,J. Agric. Food Chem.,55,643,648
30,"Grün, I. U., Adhikari, K., Li, C., Li, Y., Lin, B., Zhang, J., and Fernando, L. N. ","Changes in the profile of genistein, daidzein, and their conjugates during thermal processing of tofu.",2001.0,J. Agric. Food Chem.,49,2839,2843
31,"Horn-Ross, P. L., Barnes, S., Lee, M., Coward, L., Mandel, E., Koo, J., John, E. M., and Smith, M. ",Assesing phytoestrogen exposure in epidemiologic studies: development of a database (United States).,2000.0,Cancer Causes and Control,11,289,298
32,"Hou, H. J. and Chang, K. C. ",Interconversions of isoflavones in soybeans as affected by storage.,2002.0,J. Food Sci.,67,2083,2089
33,"Huang, T-C., Fu, H-Y., and Ho, C-T. ",Comparative studies on some attributes of firm tofu sterilized with traditional and autoclaving methods.,2003.0,J. Agric. Food Chem.,51,254,259
34,"Hutabarat, L. S., Greenfield, H., and Mulholland, M. ",Isoflavones and coumestrol in soybeans and soybean products from Australia and Indonesia.,2001.0,J. Food Comp. Anal.,14,43,58
35,"Hutchins, A. M., Slavin, J. L., and Lampe, J. W. ",Urinary isoflavonoid phytoestrogen and lignan excretion after consumption of fermented and unfermented soy products.,1995.0,J. Am. Diet. Assoc.,95,545,551
36,"Jackson, C. -J. C., Dini, J. P., Lavandier, C., Rupasinghe, H. P. V., Faulkner, H., Poysa, V., Buzzell, D., and DeGrandis, S. ",Effects of processing on the content and composition of isoflavones during manufacturing of soy beverage and tofu.,2002.0,Process Biochemistry,37,1117,1123
37,"Johns, P., Dowlati, L., and Wargo, W. ",Determination of isoflavones in ready-to-feed soy-based infant formula.,2003.0,J. AOAC Int.,86,72,78
38,"Jones, A. E., Price, K. R., and Fenwick, G. R. ",Development and application of a high-performance liquid chromatographic method for the analysis of phytoestrogens.,1989.0,J. Sci. Food Agric,46,357,364
39,"Kao, F-J., Su, N-W., and Lee, M-H. ",Effect of water-to-bean ratio on the contents and compositions of isoflavones in tofu.,2004.0,J. Agric. Food Chem.,52,2277,2281
40,"Kim, J. J., Kim, S. Y., Hahn, S. J., and Chung, I. M. ",Changing soybean isoflavone composition and concentrations under two different storage conditions over three years.,2005.0,Food Res. Int.,38,435,444
41,"Kim, K-S., Kim, M-J., Park, J-S., Sohn, H-S., and Kwon, D. Y. ",Compositions of functional components of traditional Korean soybeans.,2003.0,Food Sci. Biotechnol.,12,157,160
42,"King, R. A., and Bignell, C. M. ",Concentrations of isoflavone phytoestrogens and their glucosides in Australian soya beans and soya foods.,2000.0,Aust. J. Nutr. Diet.,57,70,78
43,"King, R. A., Mano, M. M., and Head, R. J. ",Assessment of isoflavonoid concentrations in Australian bovine milk samples.,1998.0,J. Dairy Res.,65,479,489
44,"Kledjus, B., Mikelová, R., Petrolova, J., Pot?šil, D., Adam, V., Stiborová, M., Hodek, P., Vacek, J., Kizek, R., and Kubá?, V. ",Evaluation of isoflavone aglycon and glycoside distribution in soy plants and soybeans by fast column high-performance liquid chromatography coupled with a diode-array detector.,2005.0,J. Agric. Food Chem.,53,5648,5852
45,"Kledjus, B., Vacek, J., Adam, V., Zehanálek, J., Kizek, R., Trnková, L., and Kubá?, V. ",Determination of isoflavones in soybean food and human urine using liquid chromatography with electrochemical detection.,2004.0,J. Chromatgr B,806,101,111
46,"Krenn, L., Unterrieder, I., and Ruprechter, R. ",Quantification of isoflavones in red clover by high-performance liquid chromatography.,2002.0,J. Chromatgr B,777,123,128
47,"Lee J. H., Renita, M., Fioritto, R. J., St. Martin, S. K., Schwartz, S. J., and Vodovotz, Y. ",Isoflavone characterization and antioxidant activity of Ohio soybeans.,2004.0,J. Agric. Food Chem.,52,2647,2651
48,"Lee, S. J., Ahn, J. K., Kim, S. Y., Kim, J. T., Han, S. J., Jung, M. Y., and Cheng, I. M. ",Variation in isoflavone of soybean cultivars with location and storage duration.,2003.0,J. Agric. Food Chem.,51,3382,3389
49,"Liggins, J., Mulligan, A., Runswick, S., and Bingham, S. A. ",Daidzein and genistein content of cereals.,2002.0,Euro. J. Clin. Nutr.,56,961,966
50,"Liggins, J., Bluck, L. J. C., Runswick, C., Atkinson, C., Coward, W. A., and Bingham, S. A. ",Daidzein and genistein content of vegetables.,2000.0,Brit. J. Nutr.,84,717,725
51,"Liggins, J., Bluck, L. J. C., Runswick, S., Atkinson, C., Coward, W. A., Bingham, S. A. ",Daidzein and genistein content of fruits and nuts.,2000.0,J. Nutr. Biochem.,11,326,331
52,"Lin, P-Y. and Lai, H-M. ",Bioactive compounds in legumes and their germinated products.,2006.0,J. Agric. Food Chem.,54,3807,3814
53,"Lin, F. and Fuisti, M. ",Effects of solvent polarity and acidity on the extraction efficiency of isflavones from soybeans (Glycine max).,2005.0,J. Agric. Food Chem.,53,3795,3800
54,"Lu, L-J. W., Grady, J. J., Marshall, M. V., Ramanujam, V. M. S., and Anderson, K. E. ",Altered time course of urinary daidzein and genistein excretion during chronic soya diet in healthy males.,1995.0,Nutr. Cancer,24,311,323
55,"Lu, L-J. W., Broemeling, L. D., Marshall, M. V., and Ramanujam, S. ",A simplified method to quantify isoflavones in commercial soybean diets and human urine after legume consumption.,1995.0,Cancer Epidemiology Biomarkers and Prevention,4,497,503
56,"Mazur, W. M., Uehara, M., Wähälä, K., and Adlercreutz, H. ","Phyto-oestrogen content of berries, and plasma concentrations and urinary excretion of enterolactone after a single strawberry-meal in human subjects.",2000.0,Brit. J. Nutr.,83,381,387
57,"Mazur, W.M., Duke, J. A., Wähälä, k., Rasku, S., and Adlercreutz, H. ",Isoflavonoids and lignans in legumes: Nutritional and health aspects in humans.,1996.0,Nutritional Biochemistry,9,193,200
58,"Mazur, W. M., Wähälä, K., Rasku, S., Salakka, A., Hase, T., and Adlercreutz, H. ",Lignan and isoflavonoid concentrations in tea and coffee.,1998.0,Brit. J. Nutr.,79,37,45
59,"Mazur, W., Fotsis, T., Wähälä, K., Ojala, S., Salakka, A. and Adlercreutz, H. "," Isotope dilution gas chromatographic-mass spectrometric method for the determination of isoflavonoids, coumestrol, and lignans in food samples.",1996.0,Anal. Biochem.,233,169,180
60,"McCann, M. C., Liu, K., Trujillo, W. A., and Dobert, R. C. ",Glyphosate- tolerant soybeans remain compositionally equivalent to conventional soybeans (Glycine max L.) during three years of field testing.,2005.0,J. Agric. Food Chem.,53,5331,5335
61,"Mitani, K., Narimatsu, S., and Kataoka, H. ",Determination of daidzein and genistein in soybean foods by automated on-line in-tube solid-phase microextraction coupled to high-performance liquid chromatography.,2003.0,J. Chromatogr. A,986,169,177
62,"Morton, M., Arisaka, O., Miyake, A., and Evans, B. ",Analysis of phyto-oestrogens by gas chromatography-mass spectrometry.,1999.0,Envron. Toxicol. Pharmacol.,7,221,225
63,"Müllner, C. and Sontag, G. ","HPLC with coulometric electrode array detection. Determination of daidzein and genistein in soy based infant food, soy milk and soybased supplements.",2000.0,Eur. Food Res. Technol.,211,301,304
64,"Müllner, C. and Sontag, G. ",Determination of some phytoestrogens in soybeans and their processed products with HPLC and coulometric electrode array detection.,1999.0,Fresnius J. Anal. Chem.,363,261,265
65,"Murphy, P. A., Barua, K., and Hauck, C. C. ",Solvent extraction selection in the determination of isoflavones in soy foods.,2002.0,J. Chromatogr. B,777,129,138
66,"Murphy, P. A., Song. T., Buseman, G., Barua, K., Beecher, G. R., Trainer, D., and Holden, J. ",Isoflavones in retail and institutional soy foods.,1999.0,J. Agric. Food Chem.,47,2697,2704
67,"Murphy, P.A., Barua, K., and Song, T. ",Soy isoflavones in foods: Database development.  ,1998.0,"In: American Chemical Society Symposium Series, 701,",,138,149
68,"Murphy, P.A. ",,,Unpublished data,,,
69,"Murphy, P.A. ",Isoflavones in soy-based infant formulas.,,Unpublished data,,,
70,"Murphy, P. A., Song, T., Buseman, G., and Barua. K. ",Isoflavones in soy-based infant formulas.,1997.0,J. Agric. Food Chem.,45,4635,4638
71,"Naim, M., Gestetner, B., Zilkah, S., Birk, Y., and Bondi, A. ","Soybean isoflavones. Characterization, determination, and antifungal activity.",1976.0,J. Agric. Food Chem.,22,806,810
72,"Nakajima, N., Nozaki, N., Ishihara, K., Ishikawa, A., and Tsuji, H. ","Analysis of isoflavone content in tempeh, a fermented soybean, and preparation of a new isoflavone-enriched tempeh.",2005.0,J. Biosci. Bioeng.,100,685,687
73,"Nakamura, Y., Kaihara, A., Yoshii, K., Tsumura, Y., Ishimitsu, S., and Tonogai, Y. ",Content and composition of isoflavones in mature or immature beans and bean sprouts consumed in Japan.,2001.0,J. Health Sci.,47,394,406
74,"Nakamura, Y., Tsuji, S., and Tonogai, Y. ",Determination of the levels of isoflavonoids in soybeans and soy-derived foods and estimation of isoflavonoids in the Japanese daily intake.,2000.0,J. AOAC Int.,83,638,650
75,"Nguyenle, T., Wang, E., and Cheung, A. P. ",An investigation on the extraction and concentration of isoflavones in soy-based products.,1995.0,J. Phamaceutical and Biomedical Analysis,14,221,232
76,"Padgette, S. R., Taylor, N. B., Nida, D. L., Bailey, M. R., MacDonald, J., Holden, L. R., and Fuchs, R. L. ",The composition of glyphosate-tolerant soybean seeds is equivalent to that of conventional soybeans.,1996.0,J. Nutr.,126,702,716
77,"Petterson, H. and Kiessling, K-H. ",Liquid chromatographic determination of the plant estrogens coumestrol and isoflavones in animal feed.,1984.0,J. Assoc. Off. Anal. Chem.,67,503,506
78,"Plaza, L., de Ancos, B., and Cano, M. P.","Nutritional and health related compounds in sprouts and seeds of soybean (Glycine max), wheat (Triticum aestivum. L) and alfalfa (Medicago sativa) treated by a new drying method.",2003.0,Eur. Food Res. Technol.,216,138,144
79,"Prabhakaran, M. P., Perera, C. O, and Valiyaveettil, S. ",Quantification of isoflavones in soymilk and tofu from South East Asia.,2005.0,Int. J. Food Properties,8,113,123
80,"Pratt, D. E. and Birac, P. M. ",Source of antioxidant activity of soybeans and soy products.,1979.0,J. Food Sci.,44,1720,1722
81,"Preinerstorfer, B. and Sontag, G. ",Determination of isoflavones in commercial soy products by HPLC and coulometric electrode array detection.,2004.0,Eur. Food Res. Technol.,219,305,310
82,"Romani, A., Vognolini, P., Galardi, C., Mulinacci, N., Benedettelli, S., and Heimler, D. ",Germplasm characterization of zolfino landraces (Phaseolus vulgaris L.) by flavonoid content.,2004.0,J. Agric. Food Chem.,52,3838,3842
83,"Rostagno, M. A., Palma, M., and Barroso, C. G. ",Fast analysis of soy isoflavones by high-performance liquid chromatography with monolithic columns.,2007.0,Anal. Chim. Acta,582,243,249
84,"Seo, A. and Morr, C.V. ",Improved high-performance liquid chromatographic analysis of phenolic acids and isoflavonoids from soybean protein products.,1984.0,J. Agric. Food Chem.,32,530,533
85,"Setchell, K. D. R., Zimmer-Nechemias, L., Cai, J., and Heubi, J. E. ",Exposure of infants to phyto-oestrogens from soy-based infant formula.,1997.0,Lancet,350,23,27
86,"Setchell, K. D. R. and Welsh, M. B. ","High-performance liquid chromatographic analysis of phytoestrogens in soy protein preparations with ultraviolet, electrochemical and thermospray mass spectrometric detection.",1987.0,J. Chromatogr.,386,315,323
87,"Simonne, A. H., Smith, M., Weaver, D. B., Vail, T., Barnes, S., and Wei, C. I. ",Retention and changes of soy isoflavones and carotenoids in immature soybean seeds (Edamame) during processing.,2000.0,J. Agric. Food Chem.,48,6061,6069
88,"Taylor, N. B., Fuchs, R. L., MacDonald, J., Shariff, A. R., and Padgette, S. R. ",Compositional analysis of glyphosate-tolerant soybeans treated with glyphosate.,1999.0,J. Agric. Food Chem.,47,4469,4473
89,"Thompson, L. U., Boucher, B. A., Liu, Z., Cotterchio, M., and Kreiger, N. ","Phytoestrogen content of foods consumed in Canada, including isoflavones, lignans, and coumestan.",2006.0,Nutr. Cancer,54,184,201
90,"Toda, T., Sakamoto, A., Takayanagi, T., and Yokotsuka, K. ",Changes in isoflavone composition of soybean foods during cooking process.,2000.0,Food Sci. Technol. Res.,6,314,319
91,"Umpress, S. T., Murphy, S. P., Franke, A. A., Custer, L. J., and Blitz, C. L. ",Isoflavone content of foods with soy additives.,2005.0,J. Food Comp. Anal.,18,533,550
92,"Wang, L., Lite, L., Junfeng, F., Saito, M., and Tatsumi, F. ",Radical-scanvenging activity and isoflavone content of sufu (fermented tofu) extracts from various regions in China.,2004.0,Food Sci. Technol. Res.,10,324,327
93,"Wang, C., Ma, Q., Pagadala, S., Sherrad, M. S., and Krishnan, P. G. ",Changes of isoflavones during processing of soy protein isolates.,1998.0,J. Am. Oil Chem. Soc.,75,337,341
94,"Wang, H-J. and Murphy, P. A. ",Mass balance study of isoflavones during soybean processing.,1996.0,J. Agric. Food Chem.,44,2377,2383
95,"Wang, H-J. and Murphy, P. A. ",Isoflavone content in commercial soybean foods.,1994.0,J. Agric. Food Chem.,42,1666,1673
96,"Wang, H-J. and Murphy, P. A. ","Isoflavone composition of American and Japanese soybeans in Iowa: Effects of variety, crop year, and location.",1994.0,J. Agric. Food Chem.,42,1674,1677
97,"Wang, G., Kuan, S. S., Francis, O. J., Ware, G. M., and Carman, A. S.",A simplified HPLC method for the determination of phytoestrogens in soybean and its processed products.,1990.0,J. Agric. Food Chem.,38,185,190
98,"Wei, Q-K., Jone, W. W., and Fang, T. J. ",Study on isoflavone isomers contents in Taiwan's soybean and GM soybean.,2004.0,J. Food Drug Anal.,12,324,331
99,"Wiseman, H. L., Casey, K. Clarke, D. B., Barnes, K. A., and Bowey, E. ",Isoflavone aglycon and glucoconjugate content of high- and low-soy U.K. foods used in nutritional studies.,2002.0,J. Agric. Food Chem.,50,1404,1410
100,"Wu, Q., Wang, M., Sciarappa, W. J., and Simon, J. E. ",LC/UV/ESI-MS analysis of isoflavones in edamame and tofu soybeans.,2004.0,J. Agric. Food Chem.,52,2763,2769
101,"Xu, X., Wang, H-J., Murphy, P. A., Cook, L., and Hendrich, S. ",Daidzein is a more bioavailable soymilk isoflavone than is genistein in adult women.,1994.0,J. Nutr.,124,825,832
102,"Yamabe, S., Kobayashi-Hattori, K., Kaneko, K., Endo, H., and Takita, T. ",Effect of soybean varieties on the content and composition of isoflavone in rice-koji miso.,2007.0,Food Chem.,100,369,374
103,"Yi, M-A., Kwon, T-W., and Kim, J-S. ",Changes in isoflavone contents during maturatin of soybean seed.,1997.0,J. Food Sci. Nutr.,2,255,258
104,"Yin, L-J., Li, L-T., Li, Z-G., Tatsumi, E., and Saito, M. ",Changes in isoflavone contents and composition of sufu (fermented tofu) during manufacturing.,2004.0,Food Chem.,87,587,592
76a,Pei et al.,"Isoflavone content of eggs sampled in the Beltsville, Maryland Area.",2015.0,Unpublished data,,,
76b,Pei et al.,"Isoflavone content of chickpeas, lentils and dried peas",2015.0,Unpublished data,,,
