NDB_No,Nutr_No,DataSrc_ID
09176,713,31
09176,713,51
09181,710,31
09181,710,51
09181,710,89
09181,711,31
09181,711,51
09181,711,89
09181,712,89
09181,713,31
09181,713,51
09181,713,89
09184,710,51
09184,711,51
09184,713,51
09191,710,51
09191,711,51
09191,713,51
09194,710,51
09194,710,89
09194,711,51
09194,711,89
09194,712,89
09194,713,51
09194,713,89
09200,710,31
09200,710,51
09200,711,31
09200,711,51
09200,713,31
09200,713,51
09202,710,89
09202,711,89
09202,712,89
09202,713,89
09209,710,31
09209,710,51
09209,710,89
09209,711,31
09209,711,51
09209,711,89
09209,712,89
09209,713,31
09209,713,51
09209,713,89
09218,710,51
09218,711,51
09218,713,51
09219,710,51
09219,711,51
09219,713,51
09226,710,31
09226,711,31
09226,713,31
09231,710,51
09231,711,51
09231,713,51
09236,710,31
09236,710,51
09236,710,89
09236,711,31
09236,711,51
09236,711,89
09236,712,89
09236,713,31
09236,713,51
09236,713,89
09240,710,51
09240,711,51
09240,713,51
09252,710,31
09252,710,51
09252,711,31
09252,711,51
09252,713,31
09252,713,51
09256,710,51
09256,711,51
09256,713,51
09266,710,31
09266,710,51
09266,711,31
09266,711,51
09266,713,31
09266,713,51
09268,710,51
09268,711,51
09268,713,51
09277,710,50
09277,711,50
09277,713,50
09278,710,50
09278,711,50
09278,713,50
09279,710,31
09279,710,51
09279,711,31
09279,711,51
09279,713,31
09279,713,51
09286,710,51
09286,711,51
09286,713,51
09291,710,31
09291,710,51
09291,710,89
09291,711,31
09291,711,51
09291,711,89
09291,712,89
09291,713,31
09291,713,51
09291,713,89
09292,710,51
09292,711,51
09292,713,51
09298,710,31
09298,710,51
09298,710,89
09298,711,31
09298,711,51
09298,711,89
09298,712,89
09298,713,31
09298,713,51
09298,713,89
09302,710,51
09302,710,56
09302,710,89
09302,711,51
09302,711,56
09302,711,89
09302,712,89
09302,713,51
09302,713,56
09302,713,89
09304,710,51
09304,711,51
09304,713,51
09307,710,51
09307,711,51
09307,713,51
09316,710,31
09316,710,51
09316,710,56
09316,710,89
09316,711,31
09316,711,51
09316,711,56
09316,711,89
09316,712,89
09316,713,31
09316,713,51
09316,713,56
09316,713,89
09326,710,31
09326,710,51
09326,710,89
09326,711,31
09326,711,51
09326,711,89
09326,712,89
09326,713,31
09326,713,51
09326,713,89
09433,710,51
09433,711,51
09433,713,51
11001,710,31
11001,710,89
11001,710,24
11001,710,66
11001,711,31
11001,711,89
11001,711,24
11001,711,66
11001,712,89
11001,712,66
11001,713,31
11001,713,89
11001,713,24
11001,713,66
11011,710,31
11011,710,50
11011,711,31
11011,711,50
11011,713,31
11011,713,50
11012,710,50
11012,711,50
11012,713,50
11038,710,89
11038,711,89
11038,712,89
11038,713,89
11043,710,31
11043,710,50
11043,710,64
11043,710,73
11043,710,89
11043,711,31
11043,711,50
11043,711,64
11043,711,73
11043,711,89
11043,712,73
11043,712,89
11043,713,31
11043,713,64
11043,713,73
11043,713,89
11052,710,31
11052,710,50
11052,710,24
11052,711,31
11052,711,50
11052,711,24
11052,713,31
11052,713,50
11052,713,24
11053,710,50
11053,710,89
11053,710,24
11053,711,50
11053,711,89
11053,711,24
11053,712,89
11053,713,50
11053,713,89
11053,713,24
11060,710,50
11060,711,50
11060,713,50
11061,710,50
11061,711,50
11061,713,50
11080,710,31
11080,711,31
11080,713,31
11081,710,50
11081,711,50
11081,713,50
11088,710,73
11088,711,73
11088,712,73
11088,713,73
11090,710,31
11090,711,31
11090,713,31
11091,710,89
11091,711,89
11091,712,89
11091,713,89
11098,710,50
11098,711,50
11098,713,50
11099,710,50
11099,711,50
11099,713,50
11109,710,31
11109,710,50
11109,710,89
11109,711,31
11109,711,50
11109,711,89
11109,712,89
11109,713,31
11109,713,50
11109,713,89
11110,710,50
11110,711,50
11110,713,50
11112,710,50
11112,711,50
11113,710,50
11113,711,50
11113,713,50
11114,710,50
11114,711,50
11114,713,50
11115,710,50
11115,711,50
11115,713,50
11116,710,31
11116,711,31
11116,713,31
11124,710,31
11124,710,50
11124,710,89
11124,711,31
11124,711,50
11124,711,89
11124,712,89
11124,713,31
11124,713,50
11124,713,89
11125,710,50
11125,710,89
11125,711,50
11125,711,89
11125,712,89
11125,713,50
11125,713,89
11126,710,50
11126,711,50
11126,713,50
11135,710,50
11135,711,50
11135,713,50
11136,710,50
11136,711,50
11136,713,50
11141,710,50
11141,711,50
11141,713,50
11142,710,50
11142,711,50
11142,713,50
11143,710,50
11143,711,50
11143,713,50
11144,710,50
11144,711,50
11144,713,50
11152,710,50
11152,711,50
11152,713,50
11161,710,31
11161,711,31
11161,713,31
11162,710,89
11162,711,89
11162,712,89
11162,713,89
11167,710,31
11167,710,50
11167,711,31
11167,711,50
11167,713,31
01056,710,31
01056,711,31
01056,713,31
01077,710,31
01077,711,31
01077,711,43
01077,713,31
01079,710,89
01079,711,89
01079,712,89
01079,713,89
01116,710,31
01116,711,31
01116,713,31
01123,710,31
01123,711,31
01123,713,31
02019,710,57
02019,711,57
02019,713,57
02046,710,31
02046,711,31
02046,713,31
03841,710,37
03841,710,86
03841,711,37
03841,711,86
03841,712,37
03841,713,37
03841,713,86
03843,710,70
03843,710,69
03843,711,70
03843,711,69
03843,712,70
03843,712,69
03843,713,70
03843,713,69
03843,713,85
03890,710,69
03890,711,69
03890,712,69
03890,713,69
03891,710,70
03891,710,75
03891,711,70
03891,711,75
03891,712,70
03891,713,70
03891,713,75
03893,710,70
03893,711,70
03893,712,70
03893,713,70
03893,713,85
03931,710,70
03931,710,69
03931,711,70
03931,711,69
03931,712,70
03931,712,69
03931,713,70
03931,713,69
04044,710,66
04044,711,66
04044,712,66
04044,713,66
05323,710,91
05323,711,91
05323,712,91
05323,713,91
05327,710,91
05327,711,91
05327,712,91
05327,713,91
06016,710,91
06016,711,91
06016,712,91
06016,713,91
06019,710,91
06019,711,91
06019,712,91
06019,713,91
06043,710,91
06043,711,91
06043,712,91
06043,713,91
06065,710,91
06065,711,91
06065,712,91
06065,713,91
06071,710,91
06071,711,91
06071,712,91
06071,713,91
06075,710,91
06075,711,91
06075,712,91
06075,713,91
06118,710,91
06118,711,91
06118,712,91
06118,713,91
06119,710,91
06119,711,91
06119,712,91
06119,713,91
06121,710,91
06121,711,91
06121,712,91
06121,713,91
06122,710,91
06122,711,91
06122,712,91
06122,713,91
06125,710,91
06125,711,91
06125,712,91
06125,713,91
06175,710,91
06175,711,91
06175,712,91
06175,713,91
06183,710,91
06183,711,91
06183,712,91
06183,713,91
06194,710,91
06194,711,91
06194,712,91
06194,713,91
06419,710,89
06419,711,89
06419,712,89
06419,713,89
06468,710,89
06468,711,89
06468,712,89
06468,713,89
06971,710,91
06971,711,91
06971,712,91
06971,713,91
06982,710,91
06982,711,91
06982,712,91
06982,713,91
06983,710,91
06983,711,91
06983,712,91
06983,713,91
07022,710,91
07022,711,91
07022,712,91
07022,713,91
07023,710,89
07023,710,91
07023,711,89
07023,711,91
07023,712,89
07023,712,91
07023,713,89
07023,713,91
07029,710,89
07029,711,89
07029,712,89
07029,713,89
07075,710,91
07075,711,91
07075,712,91
07075,713,91
07083,710,91
07083,711,91
07083,712,91
07083,713,91
07905,710,91
07905,711,91
07905,712,91
07905,713,91
07956,710,89
07956,711,89
07956,712,89
07956,713,89
08001,710,49
08001,711,49
08001,713,49
08013,710,89
08013,711,89
08013,712,89
08013,713,89
08020,710,49
08020,711,49
08020,713,49
08065,710,49
08065,711,49
08065,713,49
08067,710,49
08067,711,49
08067,713,49
08090,710,31
08090,711,31
08090,713,31
08102,710,31
08102,711,31
08102,713,31
08385,710,91
08385,711,91
08385,712,91
08385,713,91
08390,710,91
08390,711,91
08390,712,91
08390,713,91
08393,710,91
08393,711,91
08393,712,91
08393,713,91
09003,710,31
09003,710,51
09003,710,89
09003,711,31
09003,711,51
09003,711,89
09003,712,89
09003,713,31
09003,713,51
09003,713,89
09004,710,51
09004,711,51
09004,713,51
09005,710,51
09005,711,51
09005,713,51
09016,710,31
09016,711,31
09016,713,31
09021,710,31
09021,710,51
09021,711,31
09021,711,51
09021,713,31
09021,713,51
09024,710,51
09024,711,51
09024,713,51
09032,710,31
09032,710,51
09032,710,89
09032,711,31
09032,711,51
09032,711,89
09032,712,89
09032,713,31
09032,713,51
09032,713,89
09037,710,31
09037,710,51
09037,711,31
09037,711,51
09037,713,31
09037,713,51
09040,710,31
09040,710,51
09040,710,89
09040,711,31
09040,711,51
09040,711,89
09040,712,89
09040,713,31
09040,713,51
09040,713,89
09042,710,56
09042,711,56
09042,713,56
09050,710,56
09050,710,89
09050,711,56
09050,711,89
09050,712,89
09050,713,56
09050,713,89
09070,710,51
09070,711,51
09070,713,51
09078,710,51
09078,710,56
09078,711,51
09078,711,56
09078,713,51
09078,713,56
09083,710,51
09083,710,56
09083,710,89
09083,711,51
09083,711,56
09083,711,89
09083,712,89
09083,713,51
09083,713,56
09083,713,89
09087,710,51
09087,710,89
09087,711,51
09087,711,89
09087,712,89
09087,713,51
09087,713,89
09089,710,51
09089,711,51
09089,713,51
09094,710,51
09094,711,51
09094,713,51
09099,710,51
09099,711,51
09099,713,51
09107,710,51
09107,711,51
09107,713,51
09112,710,89
09112,711,89
09112,712,89
09112,713,89
09116,710,31
09116,711,31
09116,713,31
09120,710,51
09120,711,51
09120,713,51
09123,710,31
09123,711,31
09123,713,31
09148,710,51
09148,711,51
09148,713,51
09152,710,51
09152,711,51
09152,713,51
09176,710,31
09176,710,51
09176,711,31
09176,711,51
11167,713,50
11168,710,50
11168,710,89
11168,711,50
11168,711,89
11168,712,89
11168,713,50
11168,713,89
11203,710,50
11203,711,50
11203,713,50
11205,710,50
11205,711,50
11205,713,50
11206,710,31
11206,710,50
11206,711,31
11206,711,50
11206,713,31
11206,713,50
11209,710,50
11209,711,50
11209,713,50
11210,710,50
11210,711,50
11210,713,50
11215,710,31
11215,710,89
11215,711,31
11215,711,89
11215,712,89
11215,713,31
11215,713,89
11233,710,31
11233,711,31
11233,713,31
11246,710,50
11246,711,50
11246,713,50
11247,710,50
11247,711,50
11247,713,50
11251,710,89
11251,711,89
11251,712,89
11251,713,89
11252,710,31
11252,710,50
11252,711,31
11252,711,50
11252,713,31
11252,713,50
11260,710,31
11260,710,50
11260,711,31
11260,711,50
11260,713,31
11260,713,50
11261,710,50
11261,711,50
11261,713,50
11278,710,31
11278,710,50
11278,711,31
11278,711,50
11278,713,31
11278,713,50
11282,710,31
11282,710,50
11282,711,31
11282,711,50
11282,713,31
11282,713,50
11283,710,50
11283,710,89
11283,711,50
11283,711,89
11283,712,89
11283,713,50
11283,713,89
11292,710,50
11292,711,50
11292,713,50
11298,710,50
11298,711,50
11298,713,50
11299,710,50
11299,711,50
11299,713,50
11300,710,73
11300,711,73
11300,712,73
11300,713,73
11304,710,50
11304,710,73
11304,711,50
11304,711,73
11304,712,73
11304,713,50
11304,713,73
11305,710,50
11305,711,50
11305,713,50
11306,710,50
11306,711,50
11306,713,50
11312,710,50
11312,711,50
11312,713,50
11313,710,50
11313,711,50
11313,713,50
11333,710,31
11333,710,50
11333,711,31
11333,711,50
11333,713,31
11333,713,50
11352,710,31
11352,710,50
11352,711,31
11352,711,50
11352,713,31
11352,713,50
11355,710,50
11355,711,50
11355,713,50
11358,710,50
11358,711,50
11360,710,31
11360,710,89
11360,711,31
11360,711,89
11360,712,89
11360,713,31
11360,713,89
11365,710,50
11365,711,50
11365,713,50
11367,710,89
11367,711,89
11367,712,89
11367,713,89
11422,710,50
11422,711,50
11422,713,50
11423,710,89
11423,711,89
11423,712,89
11423,713,89
11429,710,50
11429,711,50
11429,713,50
11435,710,50
11435,711,50
11435,713,50
11436,710,50
11436,711,50
11436,713,50
11450,710,2
11450,710,34
11450,710,73
11450,710,87
11450,710,100
11450,710,24
11450,710,68
11450,711,2
11450,711,34
11450,711,73
11450,711,87
11450,711,100
11450,711,24
11450,711,68
11450,712,2
11450,712,73
11450,712,87
11450,712,100
11450,712,68
11450,713,2
11450,713,34
11450,713,73
11450,713,87
11450,713,100
11450,713,24
11450,713,68
11451,710,22
11451,710,24
11451,711,22
11451,711,24
11451,712,22
11451,713,22
11451,713,24
11452,710,9
11452,710,31
11452,710,52
11452,710,64
11452,710,73
11452,710,78
11452,710,89
11452,710,23
11452,710,97
11452,711,9
11452,711,31
11452,711,52
11452,711,64
11452,711,73
11452,711,78
11452,711,89
11452,711,23
11452,711,97
11452,712,52
11452,712,73
11452,712,89
11452,713,9
11452,713,31
11452,713,52
11452,713,64
11452,713,73
11452,713,89
11452,713,23
11452,713,97
11453,710,22
11453,711,22
11453,712,22
11453,713,22
11457,710,31
11457,710,50
11457,710,89
11457,711,31
11457,711,50
11457,711,89
11457,712,89
11457,713,31
11457,713,50
11457,713,89
11458,710,50
11458,710,89
11458,711,50
11458,711,89
11458,712,89
11458,713,50
11458,713,89
11477,710,50
11477,711,50
11477,713,50
11478,710,50
11478,711,50
11478,713,50
11486,710,89
11486,711,89
11486,712,89
11486,713,89
11507,710,31
11507,710,50
11507,711,31
11507,711,50
11507,713,31
11507,713,50
11510,710,50
11510,710,89
11510,711,50
11510,711,89
11510,712,89
11510,713,50
11510,713,89
11529,710,31
11529,710,50
11529,710,89
11529,711,31
11529,711,50
11529,711,89
11529,712,89
11529,713,31
11529,713,50
11529,713,89
11564,710,31
11564,710,50
11564,711,31
11564,711,50
11564,713,31
11564,713,50
11565,710,50
11565,711,50
11565,713,50
11578,710,89
11578,711,89
11578,712,89
11578,713,89
11591,710,50
11591,711,50
11591,713,50
11670,710,31
11670,711,31
11670,713,31
11697,710,49
11697,711,49
11697,713,49
11935,710,31
11935,711,31
11935,713,31
11957,710,50
11957,711,50
11957,713,50
11963,710,31
11963,711,31
11963,713,31
12023,710,51
12023,710,89
12023,711,51
12023,711,89
12023,712,89
12023,713,51
12023,713,89
12036,710,59
12036,711,59
12036,713,59
12038,710,31
12038,710,51
12038,710,89
12038,711,31
12038,711,51
12038,711,89
12038,712,89
12038,713,31
12038,713,51
12038,713,89
12061,710,51
12061,710,89
12061,711,51
12061,711,89
12061,712,89
12061,713,51
12061,713,89
12078,710,51
12078,711,51
12078,713,51
12087,710,89
12087,711,89
12087,712,89
12087,713,89
12097,710,51
12097,711,51
12097,713,51
12101,710,51
12101,710,89
12101,711,51
12101,711,89
12101,712,89
12101,713,51
12101,713,89
12104,710,51
12104,711,51
12104,713,51
12108,710,51
12108,711,51
12108,713,51
12120,710,51
12120,710,89
12120,711,51
12120,711,89
12120,712,89
12120,713,51
12120,713,89
12142,710,89
12142,711,89
12142,712,89
12142,713,89
12151,710,29
12151,710,89
12151,711,29
12151,711,89
12151,712,89
12151,713,29
12151,713,89
12155,710,51
12155,710,89
12155,711,51
12155,711,89
12155,712,89
12155,713,51
12155,713,89
12220,710,89
12220,710,59
12220,711,89
12220,711,59
12220,712,89
12220,713,89
12220,713,59
14003,710,31
14003,711,31
14003,713,31
14006,710,89
14006,711,89
14006,712,89
14006,713,89
14106,710,89
14106,711,89
14106,712,89
14106,713,89
14201,710,89
14201,711,89
14201,712,89
14201,713,89
14209,710,31
14209,710,89
14209,711,31
14209,711,89
14209,712,89
14209,713,31
14209,713,89
14242,710,89
14242,711,89
14242,712,89
14242,713,89
14355,710,31
14355,710,89
14355,711,31
14355,711,89
14355,712,89
14355,713,31
14355,713,89
14602,710,89
14602,711,89
14602,712,89
14602,713,89
15138,710,91
15138,711,91
15138,712,91
15138,713,91
15184,710,89
15184,710,91
15184,711,89
15184,711,91
15184,712,89
15184,712,91
15184,713,89
15184,713,91
15185,710,91
15185,711,91
15185,712,91
15185,713,91
16001,710,61
16001,710,73
16001,711,61
16001,711,73
16001,712,73
16001,713,61
16001,713,73
16006,710,50
16006,710,89
16006,710,99
16006,711,50
16006,711,89
16006,711,99
16006,712,89
16006,712,99
16006,713,50
16006,713,89
16006,713,99
16014,710,2
16014,710,31
16014,710,24
16014,711,2
16014,711,31
16014,711,24
16014,712,2
16014,713,2
16014,713,31
16014,713,24
16018,710,89
16018,711,89
16018,712,89
16018,713,89
16019,710,2
16019,711,2
16019,712,2
16019,713,2
16024,710,31
16024,710,24
16024,711,31
16024,711,24
16024,713,31
16024,713,24
16027,712,73
16028,710,24
16028,711,24
16028,713,24
16032,710,50
16032,710,57
16032,711,50
16032,711,57
16032,713,50
16032,713,57
16033,710,50
16033,710,24
16033,711,50
16033,711,24
16033,713,50
16033,713,24
16034,710,89
16034,711,89
16034,712,89
16034,713,89
16037,710,24
16037,710,57
16037,711,24
16037,711,57
16037,713,24
16037,713,57
16040,710,24
16040,711,24
16040,713,24
16042,710,31
16042,710,24
16042,710,57
16042,711,31
16042,711,24
16042,711,57
16042,713,31
16042,713,24
16042,713,57
16045,710,31
16045,710,24
16045,711,31
16045,711,24
16045,713,31
16045,713,24
16047,710,2
16047,710,82
16047,711,2
16047,711,82
16047,712,2
16047,713,2
16047,713,82
16049,710,2
16049,711,2
16049,712,2
16049,713,2
16050,710,89
16050,711,89
16050,712,89
16050,713,89
16052,710,2
16052,710,50
16052,710,61
16052,710,73
16052,710,57
16052,711,2
16052,711,50
16052,711,61
16052,711,73
16052,711,25
16052,711,57
16052,712,2
16052,712,73
16052,713,2
16052,713,50
16052,713,61
16052,713,73
16052,713,57
16053,710,50
16053,711,50
16053,713,50
16054,710,89
16054,711,89
16054,712,89
16054,713,89
16056,710,2
16056,710,31
16056,710,50
16056,710,73
16056,710,24
16056,710,57
16056,711,2
16056,711,31
16056,711,50
16056,711,73
16056,711,24
16056,711,57
16056,712,2
16056,712,73
16056,713,2
16056,713,31
16056,713,50
16056,713,73
16056,713,24
16056,713,57
16057,710,50
16057,711,50
16057,713,50
16058,710,89
16058,711,89
16058,712,89
16058,713,89
16062,710,31
16062,710,24
16062,710,57
16062,711,31
16062,711,24
16062,711,57
16062,713,31
16062,713,24
16062,713,57
16069,710,2
16069,710,31
16069,710,50
16069,710,24
16069,710,57
16069,711,2
16069,711,31
16069,711,50
16069,711,24
16069,711,57
16069,712,2
16069,713,2
16069,713,31
16069,713,50
16069,713,24
16069,713,57
16070,710,50
16070,710,89
16070,711,50
16070,711,89
16070,712,89
16070,713,50
16070,713,89
16071,712,73
16072,710,50
16072,710,24
16072,711,50
16072,711,24
16072,713,50
16072,713,24
16074,710,24
16074,711,24
16074,713,24
16076,710,2
16076,711,2
16076,712,2
16076,713,2
16080,710,50
16080,710,64
16080,710,73
16080,710,24
16080,710,57
16080,711,50
16080,711,64
16080,711,73
16080,711,24
16080,711,57
16080,712,73
16080,713,50
16080,713,64
16080,713,73
16080,713,24
16080,713,57
16081,710,50
16081,710,89
16081,711,50
16081,711,89
16081,712,89
16081,713,50
16081,713,89
16083,710,73
16083,710,24
16083,710,57
16083,711,73
16083,711,24
16083,711,57
16083,712,73
16083,713,73
16083,713,24
16083,713,57
16085,710,31
16085,710,50
16085,710,61
16085,710,73
16085,710,24
16085,710,57
16085,711,31
16085,711,50
16085,711,61
16085,711,73
16085,711,24
16085,711,57
16085,712,73
16085,713,31
16085,713,50
16085,713,61
16085,713,73
16085,713,24
16085,713,57
16086,710,50
16086,711,50
16086,713,50
16087,710,51
16087,710,57
16087,711,51
16087,711,57
16087,713,51
16087,713,57
16089,710,89
16089,711,89
16089,712,89
16089,713,89
16090,710,51
16090,711,51
16090,713,51
16098,710,31
16098,710,51
16098,711,31
16098,711,51
16098,713,31
16098,713,51
16101,710,57
16101,711,57
16101,713,57
16104,710,89
16104,710,91
16104,710,95
16104,711,89
16104,711,91
16104,711,95
16104,712,89
16104,712,91
16104,712,95
16104,713,89
16104,713,91
16104,713,95
16107,710,64
16107,710,99
16107,710,66
16107,711,64
16107,711,99
16107,711,66
16107,712,99
16107,712,66
16107,713,64
16107,713,99
16107,713,66
16109,710,8
16109,710,22
16109,710,50
16109,710,74
16109,710,90
16109,710,89
16109,710,24
16109,711,8
16109,711,22
16109,711,50
16109,711,74
16109,711,90
16109,711,89
16109,711,24
16109,712,22
16109,712,74
16109,712,90
16109,712,89
16109,713,8
16109,713,22
16109,713,50
16109,713,74
16109,713,90
16109,713,89
16109,713,24
16111,710,22
16111,710,74
16111,710,89
16111,710,13
16111,710,24
16111,710,23
16111,710,68
16111,710,95
16111,711,14
16111,711,22
16111,711,74
16111,711,89
16111,711,13
16111,711,24
16111,711,25
16111,711,23
16111,711,68
16111,711,95
16111,712,22
16111,712,74
16111,712,89
16111,712,23
16111,712,68
16111,712,95
16111,713,22
16111,713,74
16111,713,89
16111,713,13
16111,713,24
16111,713,23
16111,713,68
16111,713,95
16112,710,8
16112,710,22
16112,710,61
16112,710,74
16112,710,90
16112,710,89
16112,710,102
16112,710,13
16112,710,55
16112,710,95
16112,710,66
16112,711,8
16112,711,22
16112,711,61
16112,711,74
16112,711,90
16112,711,89
16112,711,102
16112,711,13
16112,711,25
16112,711,55
16112,711,95
16112,711,66
16112,712,22
16112,712,74
16112,712,90
16112,712,89
16112,712,95
16112,712,66
16112,713,8
16112,713,22
16112,713,61
16112,713,74
16112,713,90
16112,713,89
16112,713,102
16112,713,13
16112,713,55
16112,713,95
16112,713,66
16113,710,9
16113,710,22
16113,710,74
16113,710,90
16113,710,68
16113,710,66
16113,711,9
16113,711,22
16113,711,74
16113,711,90
16113,711,25
16113,711,68
16113,711,66
16113,712,22
16113,712,74
16113,712,90
16113,712,68
16113,712,66
16113,713,9
16113,713,22
16113,713,74
16113,713,90
16113,713,68
16113,713,66
16114,710,34
16114,710,65
16114,710,72
16114,710,13
16114,710,35
16114,710,75
16114,710,95
16114,710,94
16114,710,66
16114,711,34
16114,711,65
16114,711,72
16114,711,13
16114,711,35
16114,711,75
16114,711,95
16114,711,94
16114,711,66
16114,712,65
16114,712,72
16114,712,95
16114,712,94
16114,712,66
16114,713,34
16114,713,65
16114,713,72
16114,713,13
16114,713,35
16114,713,75
16114,713,95
16114,713,94
16114,713,66
16115,710,91
16115,710,18
16115,710,24
16115,710,23
16115,710,59
16115,710,67
16115,710,71
16115,710,75
16115,710,77
16115,710,94
16115,711,91
16115,711,18
16115,711,24
16115,711,23
16115,711,59
16115,711,67
16115,711,71
16115,711,75
16115,711,77
16115,711,94
16115,712,91
16115,712,18
16115,712,23
16115,712,67
16115,712,71
16115,712,94
16115,713,91
16115,713,18
16115,713,24
16115,713,23
16115,713,59
16115,713,67
16115,713,71
16115,713,75
16115,713,77
16115,713,94
16116,710,62
16116,710,3
16116,710,13
16116,710,66
16116,711,62
16116,711,3
16116,711,13
16116,711,66
16116,712,3
16116,712,66
16116,713,62
16116,713,3
16116,713,13
16116,713,66
16117,710,11
16117,710,22
16117,710,42
16117,710,49
16117,710,65
16117,710,64
16117,710,81
16117,710,83
16117,710,13
16117,710,77
16117,710,76
16117,710,95
16117,710,94
16117,710,93
16117,711,11
16117,711,14
16117,711,22
16117,711,42
16117,711,49
16117,711,65
16117,711,64
16117,711,81
16117,711,83
16117,711,13
16117,711,77
16117,711,76
16117,711,95
16117,711,94
16117,711,93
16117,712,11
16117,712,22
16117,712,42
16117,712,65
16117,712,81
16117,712,83
16117,712,95
16117,712,94
16117,712,93
16117,713,11
16117,713,22
16117,713,42
16117,713,49
16117,713,65
16117,713,64
16117,713,81
16117,713,83
16117,713,13
16117,713,77
16117,713,76
16117,713,95
16117,713,94
16117,713,93
16119,710,1
16119,710,97
16119,711,1
16119,711,97
16119,712,1
16119,713,1
16119,713,97
16120,710,9
16120,710,7
16120,710,17
16120,710,34
16120,710,42
16120,710,45
16120,710,63
16120,710,61
16120,710,74
16120,710,81
16120,710,79
16120,710,90
16120,710,99
16120,710,23
16120,710,38
16120,710,55
16120,710,54
16120,710,97
16120,710,94
16120,711,9
16120,711,7
16120,711,17
16120,711,34
16120,711,42
16120,711,45
16120,711,63
16120,711,61
16120,711,74
16120,711,81
16120,711,79
16120,711,90
16120,711,99
16120,711,25
16120,711,23
16120,711,38
16120,711,55
16120,711,54
16120,711,97
16120,711,94
16120,712,7
16120,712,42
16120,712,74
16120,712,81
16120,712,79
16120,712,90
16120,712,99
16120,712,94
16120,713,9
16120,713,7
16120,713,17
16120,713,34
16120,713,42
16120,713,45
16120,713,63
16120,713,61
16120,713,74
16120,713,81
16120,713,79
16120,713,90
16120,713,99
16120,713,23
16120,713,38
16120,713,55
16120,713,54
16120,713,97
16120,713,94
16121,710,13
16121,710,67
16121,710,75
16121,711,13
16121,711,67
16121,711,75
16121,712,67
16121,713,13
16121,713,67
16121,713,75
16122,710,1
16122,710,11
16122,710,19
16122,710,3
16122,710,13
16122,710,12
16122,710,23
16122,710,67
16122,710,84
16122,710,95
16122,710,94
16122,710,93
16122,711,1
16122,711,11
16122,711,14
16122,711,19
16122,711,3
16122,711,13
16122,711,12
16122,711,23
16122,711,67
16122,711,84
16122,711,95
16122,711,94
16122,711,93
16122,712,1
16122,712,11
16122,712,19
16122,712,3
16122,712,12
16122,712,67
16122,712,95
16122,712,94
16122,712,93
16122,713,1
16122,713,11
16122,713,19
16122,713,3
16122,713,13
16122,713,12
16122,713,23
16122,713,67
16122,713,84
16122,713,95
16122,713,94
16122,713,93
16123,710,31
16123,710,34
16123,710,42
16123,710,61
16123,710,74
16123,710,81
16123,710,90
16123,710,89
16123,710,13
16123,710,97
16123,710,66
16123,711,31
16123,711,34
16123,711,42
16123,711,61
16123,711,74
16123,711,81
16123,711,90
16123,711,89
16123,711,13
16123,711,25
16123,711,97
16123,711,66
16123,712,42
16123,712,74
16123,712,81
16123,712,90
16123,712,89
16123,712,66
16123,713,31
16123,713,34
16123,713,42
16123,713,61
16123,713,74
16123,713,81
16123,713,90
16123,713,89
16123,713,13
16123,713,97
16123,713,66
16125,710,66
16125,711,66
16125,712,66
16125,713,66
16126,710,11
16126,710,22
16126,710,31
16126,710,34
16126,710,33
16126,710,42
16126,710,39
16126,710,65
16126,710,61
16126,710,64
16126,710,74
16126,710,81
16126,710,79
16126,710,90
16126,710,104
16126,710,16
16126,710,23
16126,710,97
16126,710,66
16126,711,11
16126,711,22
16126,711,31
16126,711,34
16126,711,33
16126,711,42
16126,711,39
16126,711,65
16126,711,61
16126,711,64
16126,711,74
16126,711,81
16126,711,79
16126,711,90
16126,711,104
16126,711,16
16126,711,25
16126,711,23
16126,711,97
16126,711,66
16126,712,11
16126,712,22
16126,712,33
16126,712,42
16126,712,65
16126,712,74
16126,712,81
16126,712,79
16126,712,90
16126,712,104
16126,712,23
16126,712,66
16126,713,11
16126,713,22
16126,713,31
16126,713,34
16126,713,33
16126,713,42
16126,713,39
16126,713,65
16126,713,61
16126,713,64
16126,713,74
16126,713,81
16126,713,79
16126,713,90
16126,713,104
16126,713,16
16126,713,23
16126,713,97
16126,713,66
16127,710,22
16127,710,79
16127,710,16
16127,710,97
16127,710,66
16127,711,22
16127,711,79
16127,711,16
16127,711,97
16127,711,66
16127,712,22
16127,712,79
16127,712,66
16127,713,22
16127,713,79
16127,713,16
16127,713,97
16127,713,66
16128,710,74
16128,710,97
16128,711,74
16128,711,97
16128,712,74
16128,713,74
16128,713,97
16129,710,22
16129,710,34
16129,710,74
16129,710,79
16129,710,90
16129,710,23
16129,710,66
16129,711,22
16129,711,34
16129,711,74
16129,711,79
16129,711,90
16129,711,23
16129,711,66
16129,712,22
16129,712,74
16129,712,79
16129,712,90
16129,712,23
16129,712,66
16129,713,22
16129,713,34
16129,713,74
16129,713,79
16129,713,90
16129,713,23
16129,713,66
16130,710,74
16130,710,94
16130,710,66
16130,711,74
16130,711,94
16130,711,66
16130,712,74
16130,712,94
16130,712,66
16130,713,74
16130,713,94
16130,713,66
16132,710,22
16132,710,23
16132,710,97
16132,711,22
16132,711,23
16132,711,97
16132,712,22
16132,712,23
16132,713,22
16132,713,23
16132,713,97
16139,710,11
16139,710,22
16139,710,31
16139,710,89
16139,710,3
16139,710,13
16139,710,55
16139,710,66
16139,711,11
16139,711,22
16139,711,31
16139,711,89
16139,711,3
16139,711,13
16139,711,55
16139,711,66
16139,712,11
16139,712,22
16139,712,89
16139,712,3
16139,712,66
16139,713,11
16139,713,22
16139,713,31
16139,713,89
16139,713,3
16139,713,13
16139,713,55
16139,713,66
16147,712,22
16147,712,81
16147,712,89
16147,712,91
16147,712,99
16147,712,66
16150,710,89
16150,710,91
16150,711,89
16150,711,91
16150,712,89
16150,712,91
16150,713,89
16150,713,91
16158,710,89
16158,711,89
16158,712,89
16158,713,89
16159,710,66
16159,711,66
16159,712,66
16159,713,66
16162,710,13
16162,710,66
16162,711,13
16162,711,66
16162,712,66
16162,713,13
16162,713,66
16168,710,22
16168,710,99
16168,711,22
16168,711,99
16168,712,22
16168,712,99
16168,713,22
16168,713,99
16173,710,66
16173,711,66
16173,712,66
16173,713,66
16174,710,89
16174,710,66
16174,711,89
16174,711,66
16174,712,89
16174,712,66
16174,713,89
16174,713,66
16229,710,11
16229,711,11
16229,712,11
16229,713,11
16230,710,11
16230,711,11
16230,712,11
16230,713,11
16427,710,13
16427,710,24
16427,710,95
16427,710,94
16427,711,13
16427,711,24
16427,711,95
16427,711,94
16427,712,95
16427,712,94
16427,713,13
16427,713,24
16427,713,95
16427,713,94
16513,710,66
16513,711,66
16513,712,66
16513,713,66
16546,710,66
16546,711,66
16546,712,66
16546,713,66
16557,710,91
16557,711,91
16557,712,91
16557,713,91
18029,710,91
18029,711,91
18029,712,91
18029,713,91
18035,710,89
18035,710,91
18035,711,89
18035,711,91
18035,712,89
18035,712,91
18035,713,89
18035,713,91
18037,710,89
18037,711,89
18037,712,89
18037,713,89
18060,710,89
18060,711,89
18060,712,89
18060,713,89
18064,710,91
18064,711,91
18064,712,91
18064,713,91
18068,710,49
18068,711,49
18068,713,49
18069,710,42
18069,710,49
18069,710,89
18069,710,91
18069,710,99
18069,711,42
18069,711,49
18069,711,89
18069,711,91
18069,711,99
18069,712,42
18069,712,89
18069,712,91
18069,712,99
18069,713,42
18069,713,49
18069,713,89
18069,713,91
18069,713,99
18075,710,89
18075,711,89
18075,712,89
18075,713,89
18079,710,91
18079,711,91
18079,712,91
18079,713,91
18081,710,91
18081,711,91
18081,712,91
18081,713,91
18101,710,89
18101,711,89
18101,712,89
18101,713,89
18127,710,91
18127,711,91
18127,712,91
18127,713,91
18128,710,91
18128,711,91
18128,712,91
18128,713,91
18133,710,99
18133,711,99
18133,712,99
18133,713,99
18150,710,49
18150,711,49
18150,713,49
18159,710,89
18159,711,89
18159,712,89
18159,713,89
18216,710,49
18216,710,59
18216,711,49
18216,711,59
18216,713,49
18216,713,59
18217,710,49
18217,711,49
18217,713,49
18248,710,89
18248,710,91
18248,711,89
18248,711,91
18248,712,89
18248,712,91
18248,713,89
18248,713,91
18249,710,91
18249,711,91
18249,712,91
18249,713,91
18250,710,91
18250,711,91
18250,712,91
18250,713,91
18255,710,91
18255,711,91
18255,712,91
18255,713,91
18290,710,89
18290,711,89
18290,712,89
18290,713,89
18301,710,99
18301,711,99
18301,712,99
18301,713,99
18326,710,89
18326,711,89
18326,712,89
18326,713,89
18342,710,91
18342,711,91
18342,712,91
18342,713,91
18356,710,91
18356,711,91
18356,712,91
18356,713,91
18364,710,31
18364,711,31
18364,713,31
18376,710,91
18376,711,91
18376,712,91
18376,713,91
19015,710,59
19015,711,59
19015,713,59
19016,710,89
19016,711,89
19016,712,89
19016,713,89
19033,710,91
19033,711,91
19033,712,91
19033,713,91
19042,710,91
19042,711,91
19042,712,91
19042,713,91
19056,710,31
19056,711,31
19056,713,31
19205,710,99
19205,711,99
19205,712,99
19205,713,99
19218,710,49
19218,711,49
19218,713,49
19314,710,51
19314,711,51
19314,713,51
19411,710,31
19411,711,31
19411,713,31
20005,710,49
20005,711,49
20005,713,49
20016,710,49
20016,711,49
20016,713,49
20020,710,49
20020,711,49
20020,713,49
20029,710,89
20029,711,89
20029,712,89
20029,713,89
20036,710,31
20036,710,49
20036,711,31
20036,711,49
20036,713,31
20036,713,49
20037,710,49
20037,711,49
20037,713,49
20038,710,49
20038,711,49
20038,713,49
20044,710,31
20044,710,49
20044,711,31
20044,711,49
20044,713,31
20044,713,49
20045,710,49
20045,711,49
20045,713,49
20047,710,89
20047,711,89
20047,712,89
20047,713,89
20066,710,49
20066,711,49
20066,713,49
20077,710,49
20077,711,49
20077,713,49
20080,710,49
20080,711,49
20080,713,49
20081,710,49
20081,711,49
20081,713,49
20088,710,31
20088,711,31
20088,713,31
20095,710,49
20095,711,49
20095,713,49
20100,710,49
20100,711,49
20100,713,49
20109,710,49
20109,711,49
20109,713,49
20110,710,49
20110,711,49
20110,713,49
20120,710,49
20120,711,49
20120,713,49
20121,710,49
20121,711,49
20121,713,49
20124,710,49
20124,711,49
20124,713,49
20125,710,49
20125,711,49
20125,713,49
21322,710,91
21322,711,91
21322,712,91
21322,713,91
22116,710,66
22116,711,66
22116,712,66
22116,713,66
22122,710,91
22122,711,91
22122,712,91
22122,713,91
22126,710,66
22126,711,66
22126,712,66
22126,713,66
22518,710,91
22518,711,91
22518,712,91
22518,713,91
22720,710,91
22720,711,91
22720,712,91
22720,713,91
22903,710,89
22903,711,89
22903,712,89
22903,713,89
22904,710,91
22904,711,91
22904,712,91
22904,713,91
22910,710,89
22910,711,89
22910,712,89
22910,713,89
22911,710,91
22911,711,91
22911,712,91
22911,713,91
22932,710,91
22932,711,91
22932,712,91
22932,713,91
23501,710,66
23501,711,66
23501,712,66
23501,713,66
23506,710,66
23506,711,66
23506,712,66
23506,713,66
23567,710,31
23567,711,31
23567,713,31
25013,710,91
25013,711,91
25013,712,91
25013,713,91
25017,710,31
25017,711,31
25017,713,31
42178,710,64
42178,711,64
42178,713,64
42237,710,49
42237,711,49
42237,713,49
42299,710,66
42299,711,66
42299,712,66
42299,713,66
43130,710,81
43130,711,81
43130,712,81
43130,713,81
43212,710,91
43212,711,91
43212,712,91
43212,713,91
43476,710,95
43476,711,95
43476,712,95
43476,713,95
43528,710,91
43528,711,91
43528,712,91
43528,713,91
97068,710,51
97068,711,51
97068,713,51
97069,710,51
97069,711,51
97069,713,51
97070,710,51
97070,711,51
97070,713,51
99001,710,59
99001,711,59
99001,713,59
99002,710,50
99002,710,13
99002,711,50
99002,711,13
99002,713,50
99002,713,13
99003,710,66
99003,711,66
99003,712,66
99003,713,66
99008,710,24
99008,711,24
99008,713,24
99009,710,31
99009,710,24
99009,711,31
99009,711,24
99009,713,31
99009,713,24
99010,710,59
99010,711,59
99010,713,59
99014,710,13
99014,711,13
99014,713,13
99018,710,13
99018,710,95
99018,710,101
99018,711,13
99018,711,95
99018,711,101
99018,712,95
99018,713,13
99018,713,95
99018,713,101
99019,710,24
99019,711,24
99019,713,24
99020,710,59
99020,711,59
99020,713,59
99021,710,56
99021,711,56
99021,713,56
99026,710,31
99026,710,24
99026,711,31
99026,711,24
99026,713,31
99026,713,24
99029,710,51
99029,711,51
99029,713,51
99034,710,23
99034,710,95
99034,711,23
99034,711,95
99034,712,95
99034,713,23
99034,713,95
99035,710,18
99035,710,20
99035,710,38
99035,710,80
99035,710,84
99035,711,18
99035,711,20
99035,711,38
99035,711,80
99035,711,84
99035,712,18
99035,712,80
99035,713,18
99035,713,20
99035,713,38
99035,713,80
99035,713,84
99036,710,42
99036,710,81
99036,710,18
99036,710,86
99036,711,42
99036,711,81
99036,711,18
99036,711,86
99036,712,42
99036,712,81
99036,712,18
99036,713,42
99036,713,81
99036,713,18
99036,713,86
99038,710,34
99038,710,91
99038,710,13
99038,710,97
99038,710,95
99038,711,34
99038,711,91
99038,711,13
99038,711,97
99038,711,95
99038,712,91
99038,712,95
99038,713,34
99038,713,91
99038,713,13
99038,713,97
99038,713,95
99041,710,22
99041,710,95
99041,711,22
99041,711,95
99041,712,22
99041,712,95
99041,713,22
99041,713,95
99042,710,34
99042,710,13
99042,710,23
99042,711,34
99042,711,13
99042,711,23
99042,713,13
99042,713,23
99043,710,16
99043,710,75
99043,711,16
99043,711,75
99043,713,16
99043,713,75
99044,710,56
99044,711,56
99044,713,56
99045,710,13
99045,710,67
99045,711,13
99045,711,67
99045,712,67
99045,713,13
99045,713,67
99047,710,31
99047,710,51
99047,710,89
99047,711,31
99047,711,51
99047,711,89
99047,712,89
99047,713,31
99047,713,51
99047,713,89
99048,710,51
99048,711,51
99048,713,51
99049,710,95
99049,711,95
99049,712,95
99049,713,95
99052,710,51
99052,711,51
99052,713,51
99053,710,22
99053,710,74
99053,710,90
99053,710,23
99053,710,97
99053,711,22
99053,711,74
99053,711,90
99053,711,23
99053,711,97
99053,712,22
99053,712,74
99053,712,90
99053,712,23
99053,713,22
99053,713,74
99053,713,90
99053,713,23
99053,713,97
99054,710,22
99054,710,95
99054,711,22
99054,711,95
99054,712,22
99054,712,95
99054,713,22
99054,713,95
99056,710,95
99056,711,95
99056,712,95
99056,713,95
99060,710,13
99060,710,67
99060,711,13
99060,711,67
99060,712,67
99060,713,13
99060,713,67
99063,710,16
99063,711,16
99063,713,16
99064,710,91
99064,710,16
99064,711,91
99064,711,16
99064,712,91
99064,713,91
99064,713,16
99065,710,16
99065,711,16
99065,713,16
99070,710,89
99070,711,89
99070,712,89
99070,713,89
99072,710,13
99072,711,13
99072,713,13
99073,710,89
99073,711,89
99073,712,89
99073,713,89
99080,710,11
99080,710,28
99080,710,42
99080,710,50
99080,710,65
99080,710,83
99080,710,91
99080,710,67
99080,710,75
99080,710,86
99080,710,95
99080,711,11
99080,711,28
99080,711,42
99080,711,50
99080,711,65
99080,711,83
99080,711,91
99080,711,67
99080,711,75
99080,711,86
99080,711,95
99080,712,11
99080,712,28
99080,712,42
99080,712,65
99080,712,83
99080,712,91
99080,712,67
99080,712,95
99080,713,11
99080,713,28
99080,713,42
99080,713,50
99080,713,65
99080,713,83
99080,713,91
99080,713,67
99080,713,75
99080,713,86
99080,713,95
99081,710,95
99081,711,95
99081,712,95
99081,713,95
99084,710,66
99084,711,66
99084,712,66
99084,713,66
99085,710,66
99085,711,66
99085,712,66
99085,713,66
99086,710,16
99086,711,16
99086,713,16
99091,710,18
99091,710,24
99091,710,97
99091,710,96
99091,711,18
99091,711,24
99091,711,97
99091,711,96
99091,712,18
99091,712,96
99091,713,18
99091,713,24
99091,713,97
99091,713,96
99092,710,61
99092,710,62
99092,710,74
99092,710,73
99092,710,102
99092,710,24
99092,710,96
99092,711,61
99092,711,62
99092,711,74
99092,711,73
99092,711,102
99092,711,24
99092,711,25
99092,711,96
99092,712,74
99092,712,73
99092,712,96
99092,713,61
99092,713,62
99092,713,74
99092,713,73
99092,713,102
99092,713,24
99092,713,96
99096,710,22
99096,710,23
99096,711,22
99096,711,23
99096,712,22
99096,713,22
99096,713,23
99097,710,22
99097,710,34
99097,710,23
99097,711,22
99097,711,34
99097,711,23
99097,712,22
99097,712,23
99097,713,22
99097,713,34
99097,713,23
99100,710,74
99100,710,73
99100,710,68
99100,710,95
99100,711,74
99100,711,73
99100,711,68
99100,711,95
99100,712,74
99100,712,73
99100,712,68
99100,712,95
99100,713,74
99100,713,73
99100,713,68
99100,713,95
99105,710,68
99105,711,68
99105,712,68
99105,713,68
99106,710,58
99106,711,58
99106,713,58
99107,710,31
99107,710,58
99107,711,31
99107,711,58
99107,713,31
99107,713,58
99111,710,91
99111,711,91
99111,712,91
99111,713,91
99337,710,56
99337,711,56
99337,713,56
99395,710,51
99395,711,51
99395,713,51
99423,710,89
99423,711,89
99423,712,89
99423,713,89
99468,710,91
99468,711,91
99468,712,91
99468,713,91
99469,710,50
99469,711,50
99469,713,50
99470,710,50
99470,711,50
99470,713,50
99471,710,22
99471,711,22
99471,712,22
99471,713,22
99472,710,22
99472,711,22
99472,712,22
99472,713,22
99474,710,31
99474,710,89
99474,711,31
99474,711,89
99474,712,89
99474,713,31
99474,713,89
99475,710,91
99475,711,91
99475,712,91
99475,713,91
99476,710,91
99476,711,91
99476,712,91
99476,713,91
99477,710,49
99477,711,49
99477,713,49
99478,710,49
99478,711,49
99478,713,49
99479,710,49
99479,711,49
99479,713,49
99480,710,49
99480,711,49
99480,713,49
99481,710,49
99481,711,49
99481,713,49
99482,710,49
99482,711,49
99482,713,49
99483,710,49
99483,711,49
99483,713,49
99484,710,49
99484,711,49
99484,713,49
99485,710,91
99485,711,91
99485,712,91
99485,713,91
99486,710,2
99486,710,82
99486,711,2
99486,711,82
99486,712,2
99486,713,2
99486,713,82
99487,710,34
99487,711,34
99487,713,34
99489,710,50
99489,711,50
99489,713,50
99490,710,50
99490,711,50
99490,713,50
99491,710,91
99491,711,91
99491,712,91
99491,713,91
99492,710,50
99492,710,73
99492,711,50
99492,711,73
99492,712,73
99492,713,50
99492,713,73
99493,710,50
99493,711,50
99493,713,50
99494,710,31
99494,710,89
99494,711,31
99494,711,89
99494,712,89
99494,713,31
99494,713,89
99495,710,34
99495,710,36
99495,710,79
99495,711,34
99495,711,36
99495,711,79
99495,712,36
99495,712,79
99495,713,34
99495,713,36
99495,713,79
99496,710,34
99496,711,34
99496,713,34
99497,710,92
99497,710,104
99497,711,92
99497,711,104
99497,712,92
99497,712,104
99497,713,92
99497,713,104
99498,710,34
99498,711,34
99498,713,34
99499,710,34
99499,711,34
99499,713,34
99500,710,34
99500,711,34
99500,713,34
99501,710,91
99501,711,91
99501,712,91
99501,713,91
99502,710,89
99502,711,89
99502,712,89
99502,713,89
99503,710,31
99503,710,89
99503,711,31
99503,711,89
99503,712,89
99503,713,31
99503,713,89
99504,710,99
99504,711,99
99504,712,99
99504,713,99
99505,710,51
99505,711,51
99505,713,51
99506,710,91
99506,711,91
99506,712,91
99506,713,91
99507,710,91
99507,711,91
99507,712,91
99507,713,91
99508,710,31
99508,710,91
99508,711,31
99508,711,91
99508,712,91
99508,713,31
99508,713,91
99509,710,31
99509,711,31
99509,713,31
99510,710,22
99510,710,89
99510,710,99
99510,711,22
99510,711,89
99510,711,99
99510,712,22
99510,712,89
99510,712,99
99510,713,22
99510,713,89
99510,713,99
99511,710,64
99511,711,64
99511,713,64
99512,710,89
99512,711,89
99512,712,89
99512,713,89
99513,710,51
99513,711,51
99513,713,51
99514,710,89
99514,711,89
99514,712,89
99514,713,89
99515,710,31
99515,710,91
99515,711,31
99515,711,91
99515,712,91
99515,713,31
99515,713,91
99516,710,31
99516,711,31
99516,713,31
99517,710,49
99517,710,99
99517,711,49
99517,711,99
99517,712,99
99517,713,49
99517,713,99
99518,710,89
99518,711,89
99518,712,89
99518,713,89
99519,710,89
99519,711,89
99519,712,89
99519,713,89
99520,710,42
99520,711,42
99520,712,42
99520,713,42
99521,710,89
99521,711,89
99521,712,89
99521,713,89
99522,710,49
99522,711,49
99522,713,49
99523,710,49
99523,711,49
99523,713,49
99524,710,49
99524,711,49
99524,713,49
99526,710,51
99526,711,51
99526,713,51
99527,710,51
99527,711,51
99527,713,51
99528,710,91
99528,711,91
99528,712,91
99528,713,91
99529,710,22
99529,710,30
99529,710,89
99529,711,22
99529,711,30
99529,711,89
99529,712,22
99529,712,89
99529,713,22
99529,713,30
99529,713,89
99531,710,49
99531,711,49
99531,713,49
99532,710,49
99532,711,49
99532,713,49
99533,710,31
99533,711,31
99533,713,31
99534,710,42
99534,711,42
99534,712,42
99534,713,42
99535,710,22
99535,711,22
99535,712,22
99535,713,22
99536,710,99
99536,711,99
99536,712,99
99536,713,99
99538,710,91
99538,711,91
99538,712,91
99538,713,91
99539,710,91
99539,711,91
99539,712,91
99539,713,91
99540,710,79
99540,711,79
99540,712,79
99540,713,79
99541,710,34
99541,711,34
99541,713,34
99542,710,49
99542,711,49
99542,713,49
99543,710,91
99543,711,91
99543,712,91
99543,713,91
99544,710,91
99544,711,91
99544,712,91
99544,713,91
99545,710,91
99545,711,91
99545,712,91
99545,713,91
99546,710,91
99546,711,91
99546,712,91
99546,713,91
99547,710,91
99547,711,91
99547,712,91
99547,713,91
99548,710,91
99548,711,91
99548,712,91
99548,713,91
99549,710,31
99549,711,31
99549,713,31
99550,710,49
99550,711,49
99550,713,49
99551,710,49
99551,711,49
99551,713,49
99552,710,61
99552,711,61
99552,713,61
99553,710,49
99553,711,49
99553,713,49
99554,710,91
99554,711,91
99554,712,91
99554,713,91
99555,710,91
99555,711,91
99555,712,91
99555,713,91
99556,710,91
99556,711,91
99556,712,91
99556,713,91
99557,710,91
99557,711,91
99557,712,91
99557,713,91
99559,710,34
99559,711,34
99559,713,34
99560,710,22
99560,711,22
99560,712,22
99560,713,22
99561,710,49
99561,711,49
99561,713,49
99562,710,49
99562,711,49
99562,713,49
99563,710,91
99563,711,91
99563,712,91
99563,713,91
99564,710,91
99564,711,91
99564,712,91
99564,713,91
99565,710,91
99565,711,91
99565,712,91
99565,713,91
99566,710,49
99566,711,49
99566,713,49
99567,710,49
99567,711,49
99567,713,49
99568,710,34
99568,711,34
99568,713,34
99569,710,31
99569,711,31
99569,713,31
99571,710,46
99571,711,46
99571,713,46
99575,710,2
99575,713,2
16108,710,2
99575,712,2
99575,711,2
16108,713,2
16108,711,2
16108,712,2
99576,713,4
99576,711,4
99576,712,4
99576,710,4
16108,713,4
16108,712,4
16108,711,4
16108,710,4
99030,710,5
16108,711,5
16108,710,5
99030,713,5
99030,711,5
16108,713,5
99576,713,6
16108,713,6
99576,710,6
99576,711,6
16108,712,6
99576,712,6
16108,710,6
16108,711,6
99576,710,8
99576,711,8
99576,713,8
16108,713,8
16108,710,8
16108,711,8
99093,713,9
99093,710,9
99093,711,9
99488,710,9
16108,710,9
16108,711,9
99488,711,9
99488,713,9
16108,713,9
16108,710,10
16108,711,10
16108,713,10
99093,713,10
99093,711,10
99093,710,10
16108,713,11
99576,712,11
99576,711,11
99576,710,11
99576,713,11
16108,710,11
16108,711,11
16108,712,11
16108,712,15
99576,712,15
16108,713,15
99576,713,15
99576,710,15
99576,711,15
16108,711,15
16108,710,15
16108,710,18
99576,713,18
16108,711,18
16108,713,18
99576,710,18
99576,711,18
99576,712,18
16108,712,18
99576,711,21
99576,710,21
99576,713,21
16108,711,21
16108,713,21
16108,710,21
16108,710,22
16108,713,22
16108,712,22
16108,711,22
99576,711,22
99576,712,22
99576,713,22
99576,710,22
16108,711,23
16108,712,23
16108,713,23
16108,710,23
99040,710,24
99576,713,24
99576,711,24
99576,710,24
16108,710,24
99040,711,24
16108,713,24
99040,713,24
16108,711,24
99576,713,26
99576,712,26
99576,711,26
99576,710,26
16108,710,26
16108,711,26
16108,712,26
16108,713,26
16108,711,27
16108,713,27
16108,712,27
99030,710,27
99030,711,27
99030,713,27
16108,710,27
99030,712,27
99576,713,31
16108,710,31
16108,711,31
16108,713,31
99576,711,31
99576,710,31
99576,712,32
99576,710,32
99576,711,32
16108,713,32
16108,712,32
16108,711,32
16108,710,32
99576,713,32
16108,712,33
99040,713,33
99040,710,33
16108,713,33
16108,711,33
16108,710,33
99040,711,33
99574,710,34
99574,713,34
16108,713,34
16108,711,34
16108,710,34
99574,711,34
16108,712,36
16108,711,36
16108,710,36
16108,713,36
16108,711,39
16108,710,39
99040,713,39
99040,711,39
99040,710,39
16108,713,39
16108,710,40
99093,710,40
16108,713,40
16108,711,40
16108,712,40
99093,712,40
99093,711,40
99093,713,40
16108,710,41
99093,713,41
99093,712,41
99093,711,41
99093,710,41
16108,713,41
16108,711,41
16108,712,41
99574,711,42
99574,710,42
16108,710,42
99574,712,42
99574,713,42
16108,713,42
16108,711,42
16108,712,42
16108,712,44
99575,713,44
99575,712,44
99575,711,44
99575,710,44
16108,713,44
16108,710,44
16108,711,44
16108,711,45
99575,710,45
99575,711,45
99575,713,45
16108,710,45
16108,713,45
99576,713,47
16108,712,47
16108,713,47
16108,711,47
16108,710,47
99576,712,47
99576,711,47
99576,710,47
16108,710,48
99093,712,48
99093,711,48
99093,710,48
16108,711,48
99093,713,48
16108,712,48
16108,713,48
16108,711,50
16108,713,50
99575,710,50
16108,710,50
99575,711,50
99575,713,50
16108,713,52
16108,710,52
16108,711,52
16108,712,52
99040,713,52
99040,711,52
99040,710,52
99576,713,53
99576,710,53
16108,710,53
99576,712,53
16108,713,53
16108,711,53
16108,712,53
99576,711,53
16108,710,57
16108,713,57
99576,711,57
16108,711,57
99576,710,57
99576,713,57
16108,713,60
99576,710,60
16108,711,60
16108,710,60
99576,713,60
99576,712,60
99576,711,60
16108,712,60
99575,711,64
99575,713,64
16108,713,64
16108,711,64
16108,710,64
99575,710,64
16108,713,73
16108,710,73
16108,711,73
16108,712,73
99576,710,73
99574,711,73
99574,712,73
99574,713,73
99574,710,73
99576,711,73
99576,712,73
99576,713,73
99093,711,73
99093,713,73
99488,711,73
99488,712,73
99488,713,73
99093,712,73
99093,710,73
99488,710,73
16108,713,74
16108,712,74
16108,711,74
16108,710,74
99576,712,74
99576,711,74
99576,713,74
99488,710,74
99488,711,74
99488,712,74
99488,713,74
99093,710,74
99093,711,74
99093,712,74
99093,713,74
99576,710,74
16108,711,78
16108,710,78
99575,711,78
99575,710,78
99576,710,88
99576,711,88
99576,713,88
16108,713,88
16108,711,88
16108,710,88
16108,711,90
16108,710,90
16108,713,90
16108,712,90
16108,710,94
16108,711,94
16108,712,94
99576,713,94
99576,712,94
99576,710,94
99576,711,94
16108,713,94
99576,713,95
99576,711,95
99576,712,95
16108,712,95
16108,713,95
16108,710,95
99576,710,95
16108,711,95
16108,712,96
99576,711,96
16108,711,96
16108,713,96
99576,712,96
99576,713,96
99576,710,96
16108,710,96
16108,710,97
16108,713,97
16108,711,97
99576,710,97
99576,711,97
99576,713,97
99576,713,98
16108,710,98
16108,711,98
16108,712,98
16108,713,98
99576,710,98
99576,712,98
99040,710,98
99040,711,98
99040,713,98
99576,711,98
99575,711,99
99575,713,99
99575,710,99
16108,711,99
16108,712,99
99575,712,99
16108,710,99
16108,713,99
99576,711,100
99576,710,100
16108,713,100
16108,712,100
16108,711,100
16108,710,100
99576,712,100
99576,713,100
16108,712,103
16108,713,103
16108,710,103
16108,711,103
99093,710,103
99093,713,103
99093,712,103
99093,711,103
16108,713,104
99488,710,104
99488,711,104
99488,712,104
16108,712,104
16108,711,104
16108,710,104
99488,713,104
01123,710,76a
01123,711,76a
01123,713,76a
01124,710,76a
01124,711,76a
01124,712,76a
01125,710,76a
01125,711,76a
01125,712,76a
16056,710,76b
16056,711,76b
16056,712,76b
16069,710,76b
16069,711,76b
16069,712,76b
16085,710,76b
16085,711,76b
16085,712,76b
16144,710,76b
16144,711,76b
16144,712,76b
99457,710,76b
99457,711,76b
99457,712,76b
