id,food_group,food_subgroup,name,food_source_french,food_source_scientific_name,food_source_botanical_family,created_at,updated_at
531,Alcoholic beverages,Beers,Beer [Alcohol free],Bière [Sans alcool],"","",2007-02-22 00:00:00 UTC,2015-04-13 21:45:46 UTC
492,Alcoholic beverages,Beers,Beer [Ale],Bière [Ale],"","",2006-09-27 11:41:55 UTC,2015-04-13 21:45:46 UTC
494,Alcoholic beverages,Beers,Beer [Dark],Bière [Brune],"","",2006-09-27 11:42:25 UTC,2015-04-13 21:45:46 UTC
539,Alcoholic beverages,Beers,Beer [Regular],Bière [Régulière],"","",2007-03-23 00:00:00 UTC,2015-04-13 21:45:47 UTC
28,Alcoholic beverages,Ciders,Cider,Cidre,"","",2004-06-16 14:32:03 UTC,2015-04-13 21:45:42 UTC
720,Alcoholic beverages,Liquors - Nut liquors,"Walnut, liquor","Noix, liqueur",Juglans regia L.,Juglandaceae,2007-09-28 00:00:00 UTC,2015-04-13 21:45:48 UTC
193,Alcoholic beverages,Spirits - Brandy,Cognac,Cognac,"","",2005-10-12 09:27:10 UTC,2015-04-13 21:45:44 UTC
194,Alcoholic beverages,Spirits - Rum,Rum,Rum,"","",2005-10-12 09:27:10 UTC,2015-04-13 21:45:44 UTC
192,Alcoholic beverages,Spirits - Whisky,Scotch whisky,Whisky,"","",2005-10-12 09:27:10 UTC,2015-04-13 21:45:44 UTC
150,Alcoholic beverages,Wines - Berry wines,"Black crowberry, wine","Camarine noire, vin",Empetrum nigrum L.,Ericaceae,2005-09-28 10:49:19 UTC,2015-04-13 21:45:43 UTC
148,Alcoholic beverages,Wines - Berry wines,"Blackcurrant, wine","Cassis, vin",Ribes nigrum L.,Grossulariaceae,2005-09-28 10:49:19 UTC,2015-04-13 21:45:43 UTC
233,Alcoholic beverages,Wines - Berry wines,"Fox grape, red wine","Raisin Labrusca, vin rouge",Vitis labrusca L.,Vitaceae,2006-05-15 00:00:00 UTC,2015-04-13 21:45:44 UTC
234,Alcoholic beverages,Wines - Berry wines,"Fox grape, white wine","Raisin Labrusca, vin blanc",Vitis labrusca L.,Vitaceae,2006-05-15 00:00:00 UTC,2015-04-13 21:45:44 UTC
145,Alcoholic beverages,Wines - Berry wines,"Muscadine grape, red wine","Raisin muscadine, vin",Vitis rotundifolia,Vitaceae,2005-09-14 00:00:00 UTC,2015-04-13 21:45:43 UTC
147,Alcoholic beverages,Wines - Fortified Wines,Sherry,Sherry,"","",2005-09-14 09:18:17 UTC,2015-04-13 21:45:43 UTC
135,Alcoholic beverages,Wines - Grape wines,Wine [Red],Vin [Rouge],Vitis vinifera L.,Vitaceae,2005-08-16 00:00:00 UTC,2015-04-13 21:45:43 UTC
137,Alcoholic beverages,Wines - Grape wines,Wine [Rosé],Vin [Rosé],Vitis vinifera L.,Vitaceae,2005-08-16 00:00:00 UTC,2015-04-13 21:45:43 UTC
136,Alcoholic beverages,Wines - Grape wines,Wine [White],Vin [Blanc],Vitis vinifera L.,Vitaceae,2005-08-16 00:00:00 UTC,2015-04-13 21:45:43 UTC
139,Alcoholic beverages,Wines - Sparkling wines,Champagne,Champagne,"",Vitaceae,2005-09-07 09:22:26 UTC,2015-04-13 21:45:43 UTC
229,Cereals and cereal products,Cereal products,"Bread, common wheat, whole grain flour","Pain, farine complète","","",2006-05-12 16:32:33 UTC,2015-04-13 21:45:44 UTC
226,Cereals and cereal products,Cereal products,"Bread, refined flour","Pain, farine raffinée","","",2006-05-10 11:33:24 UTC,2015-04-13 21:45:44 UTC
293,Cereals and cereal products,Cereal products,"Bread, rye, whole grain flour","Pain, seigle, farine complète","","",2006-07-24 16:11:19 UTC,2015-04-13 21:45:44 UTC
219,Cereals and cereal products,Cereal products,"Breakfast cereals, bran","Céréales pour petit déjeuner, son","","",2006-05-03 09:56:12 UTC,2015-04-13 21:45:44 UTC
976,Cereals and cereal products,Cereal products,"Breakfast cereals, corn","Céréales pour petit déjeuner, maïs","","",2009-12-22 14:33:28 UTC,2015-04-13 21:45:50 UTC
301,Cereals and cereal products,Cereal products,"Breakfast cereals, muesli","Céreales pour petit déjeuner, muesli","","",2006-07-28 15:18:54 UTC,2015-04-13 21:45:45 UTC
975,Cereals and cereal products,Cereal products,"Breakfast cereals, oat, whole-meal","Céréales pour petit déjeuner, avoine, complet","","",2009-12-22 14:33:28 UTC,2015-04-13 21:45:50 UTC
227,Cereals and cereal products,Cereal products,Pasta,Pâtes,"","",2006-05-10 11:34:30 UTC,2015-04-13 21:45:44 UTC
299,Cereals and cereal products,Cereal products,"Pasta, whole grain",Pâtes complètes,"","",2006-07-28 10:01:26 UTC,2015-04-13 21:45:45 UTC
300,Cereals and cereal products,Cereals,"Barley, whole grain flour","Orge, farine complète",Hordeum vulgare L.,Poaceae,2006-07-28 11:15:46 UTC,2015-04-13 21:45:45 UTC
529,Cereals and cereal products,Cereals,"Buckwheat, groats, thermally treated",Sarrasin,Fagopyrum esculentum,Polygonaceae,2007-01-15 00:00:00 UTC,2015-04-13 21:45:46 UTC
317,Cereals and cereal products,Cereals,"Buckwheat, refined flour","Sarrasin, farine raffinée",Fagopyrum esculentum,Polygonaceae,2006-08-09 11:44:28 UTC,2015-04-13 21:45:45 UTC
321,Cereals and cereal products,Cereals,"Buckwheat, whole grain flour","Sarrasin, farine complète",Fagopyrum esculentum,Polygonaceae,2006-08-10 00:00:00 UTC,2015-04-13 21:45:45 UTC
315,Cereals and cereal products,Cereals,"Common wheat, germ","Blé commun, germe",Triticum aestivum L.,Poaceae,2006-08-09 10:51:39 UTC,2015-04-13 21:45:45 UTC
225,Cereals and cereal products,Cereals,"Common wheat, refined flour","Blé commun, farine raffinée",Triticum aestivum L.,Poaceae,2006-05-10 10:02:07 UTC,2015-04-13 21:45:44 UTC
224,Cereals and cereal products,Cereals,"Common wheat, whole grain flour","Blé commun, farine complète",Triticum aestivum L.,Poaceae,2006-05-09 15:34:22 UTC,2015-04-13 21:45:44 UTC
218,Cereals and cereal products,Cereals,"Hard wheat, refined flour","Blé dur, farine raffinée",Triticum durum L.,Poaceae,2006-05-02 14:30:57 UTC,2015-04-13 21:45:44 UTC
216,Cereals and cereal products,Cereals,"Hard wheat, semolina","Blé dur, semoule",Triticum durum L.,Poaceae,2006-05-02 13:39:24 UTC,2015-04-13 21:45:44 UTC
210,Cereals and cereal products,Cereals,"Hard wheat, whole grain flour","Blé dur, farine complète",Triticum durum L.,Poaceae,2006-04-20 13:39:31 UTC,2015-04-13 21:45:44 UTC
326,Cereals and cereal products,Cereals,"Maize, refined flour","Maïs, farine raffinée",Zea mays L.,Poaceae,2006-08-10 00:00:00 UTC,2015-04-13 21:45:45 UTC
304,Cereals and cereal products,Cereals,"Maize, whole grain","Maïs, complet",Zea mays L.,Poaceae,2006-08-04 15:45:19 UTC,2015-04-13 21:45:45 UTC
325,Cereals and cereal products,Cereals,"Oat, refined flour","Avoine, farine raffinée",Avena sativa L.,Poaceae,2006-08-10 00:00:00 UTC,2015-04-13 21:45:45 UTC
338,Cereals and cereal products,Cereals,"Oat, rolled","Avoine, laminée à chaud",Avena sativa L.,Poaceae,2006-08-16 00:00:00 UTC,2015-04-13 21:45:45 UTC
305,Cereals and cereal products,Cereals,"Oat, whole grain flour","Avoine, farine complète",Avena sativa L.,Poaceae,2006-08-04 10:22:00 UTC,2015-04-13 21:45:45 UTC
522,Cereals and cereal products,Cereals,"Rice, parboiled","Riz, étouvé",Oryza sativa L.,Poaceae,2006-11-20 00:00:00 UTC,2015-04-13 21:45:46 UTC
324,Cereals and cereal products,Cereals,"Rice, refined","Riz, raffiné",Oryza sativa L.,Poaceae,2006-08-10 13:29:17 UTC,2015-04-13 21:45:45 UTC
354,Cereals and cereal products,Cereals,"Rice, whole grain","Riz, complet",Oryza sativa L.,Poaceae,2006-08-17 00:00:00 UTC,2015-04-13 21:45:45 UTC
316,Cereals and cereal products,Cereals,"Rye, refined flour","Seigle, farine raffinée",Secale cereale L.,Poaceae,2006-08-09 00:00:00 UTC,2015-04-13 21:45:45 UTC
292,Cereals and cereal products,Cereals,"Rye, whole grain flour","Seigle, farine complète",Secale cereale L.,Poaceae,2006-07-24 11:26:01 UTC,2015-04-13 21:45:44 UTC
308,Cereals and cereal products,Cereals,"Sorghum, whole grain","Sorgho, complet",Sorghum bicolor L.,Poaceae,2007-12-11 00:00:00 UTC,2015-04-13 21:45:45 UTC
439,Coffee and cocoa,Cocoa - Chocolate,"Chocolate, dark","Chocolat, noir","","",2006-09-12 00:00:00 UTC,2015-04-13 21:45:46 UTC
440,Coffee and cocoa,Cocoa - Chocolate,"Chocolate, milk",Chocolat au lait,"","",2006-09-12 00:00:00 UTC,2015-04-13 21:45:46 UTC
536,Coffee and cocoa,Cocoa - Cocoa powders,"Cocoa, powder","Cacao, poudre",Theobroma cacao,Sterculiaceae,2007-02-22 17:50:29 UTC,2015-04-13 21:45:47 UTC
146,Fruits and fruit products,Dried fruits - Dried berries,"Grape, raisin",Raisin,Vitis vinifera L.,Vitaceae,2005-09-14 00:00:00 UTC,2015-04-13 21:45:43 UTC
558,Fruits and fruit products,Dried fruits - Dried drupes,"Apricot, dried","Abricot, séché",Prunus armeniaca L.,Rosaceae,2007-04-06 00:00:00 UTC,2015-04-13 21:45:47 UTC
51,Fruits and fruit products,Dried fruits - Dried drupes,"Plum, prune",Pruneau,Prunus domestica L.,Rosaceae,2004-11-22 00:00:00 UTC,2015-04-13 21:45:42 UTC
913,Fruits and fruit products,Dried fruits - Dried other fruits,"Date, dried","Datte, séchée",Phoenix dactylifera L.,Arecaceae,2008-04-16 00:00:00 UTC,2015-04-13 21:45:50 UTC
920,Fruits and fruit products,Dried fruits - Dried other fruits,"Fig, dried","Figue, séchée",Ficus carica L.,Moraceae,2008-04-17 00:00:00 UTC,2015-04-13 21:45:50 UTC
62,Fruits and fruit products,Fruits - Berries,Aestivalis grape [Black],Raisin Aestivalis [Noir],Vitis aestivalis L.,Vitaceae,2004-12-02 00:00:00 UTC,2015-04-13 21:45:43 UTC
74,Fruits and fruit products,Fruits - Berries,American cranberry,Canneberge d'Amérique,Vaccinium macrocarpon Aiton,Ericaceae,2005-01-26 00:00:00 UTC,2015-04-13 21:45:43 UTC
98,Fruits and fruit products,Fruits - Berries,Arctic blackberry,Ronce arctique,Rubus arcticus ssp. Stellatus,Rosaceae,2005-01-28 15:04:33 UTC,2015-04-13 21:45:43 UTC
94,Fruits and fruit products,Fruits - Berries,"Bilberry, raw",Myrtille commune,Vaccinium myrtillus L.,Ericaceae,2005-01-27 00:00:00 UTC,2015-04-13 21:45:43 UTC
106,Fruits and fruit products,Fruits - Berries,Black chokeberry,Aronie à fruit noir,Aronia melanocarpa,Rosaceae,2005-02-04 14:52:13 UTC,2015-04-13 21:45:43 UTC
107,Fruits and fruit products,Fruits - Berries,Black crowberry,Camarine noire,Empetrum nigrum L.,Ericaceae,2005-02-07 00:00:00 UTC,2015-04-13 21:45:43 UTC
124,Fruits and fruit products,Fruits - Berries,Black elderberry,Surreau noir,Sambucus nigra L.,Caprifoliaceae,2005-03-07 00:00:00 UTC,2015-04-13 21:45:43 UTC
109,Fruits and fruit products,Fruits - Berries,Black huckleberry,Huckleberry,Gaylussacia baccata,Ericaceae,2005-02-07 00:00:00 UTC,2015-04-13 21:45:43 UTC
101,Fruits and fruit products,Fruits - Berries,"Black raspberry, raw","Framboise noire, cru",Rubus occidentalis L.,Rosaceae,2005-02-03 00:00:00 UTC,2015-04-13 21:45:43 UTC
79,Fruits and fruit products,Fruits - Berries,"Blackberry, raw","Mûre (Ronce), cru",Rubus L.,Rosaceae,2005-01-26 00:00:00 UTC,2015-04-13 21:45:43 UTC
77,Fruits and fruit products,Fruits - Berries,"Blackcurrant, raw","Cassis, cru",Ribes nigrum L.,Grossulariaceae,2005-01-26 00:00:00 UTC,2015-04-13 21:45:43 UTC
92,Fruits and fruit products,Fruits - Berries,"Bog bilberry, raw","Myrtille des marais, crue",Vaccinium uliginosum,Ericaceae,2005-01-27 00:00:00 UTC,2015-04-13 21:45:43 UTC
126,Fruits and fruit products,Fruits - Berries,Buffalo,Groseille,Ribes odoratum Wendl.,Grossulariaceae,2005-05-12 00:00:00 UTC,2015-04-13 21:45:43 UTC
125,Fruits and fruit products,Fruits - Berries,Canada blueberry,Airelle Canada,Vaccinium myrtilloides Michx.,Ericaceae,2005-03-17 09:58:17 UTC,2015-04-13 21:45:43 UTC
114,Fruits and fruit products,Fruits - Berries,Cascade huckleberry,Airelle cascade,Vaccinium deliciosum Piper,Ericaceae,2005-02-07 00:00:00 UTC,2015-04-13 21:45:43 UTC
99,Fruits and fruit products,Fruits - Berries,Cloudberry,Ronce blanche,Rubus chamaemorus L.,Rosaceae,2005-01-28 15:05:43 UTC,2015-04-13 21:45:43 UTC
93,Fruits and fruit products,Fruits - Berries,European cranberry,Canneberge d'Europe,Vaccinium oxycoccus L.,Ericaceae,2005-01-27 00:00:00 UTC,2015-04-13 21:45:43 UTC
111,Fruits and fruit products,Fruits - Berries,Evergreen huckleberry,Huckleberry,Vaccinium ovatum Pursh,Ericaceae,2005-02-07 00:00:00 UTC,2015-04-13 21:45:43 UTC
158,Fruits and fruit products,Fruits - Berries,Fox grape [Black],Raisin Labrusca [Noir],Vitis labrusca L.,Vitaceae,2005-09-28 00:00:00 UTC,2015-04-13 21:45:43 UTC
91,Fruits and fruit products,Fruits - Berries,Gooseberry,Groseille à maquereau,Ribes uva-crispa L.,Grossulariaceae,2005-01-27 00:00:00 UTC,2015-04-13 21:45:43 UTC
141,Fruits and fruit products,Fruits - Berries,Grape [Black],Raisin [Noir],Vitis vinifera L.,Vitaceae,2005-09-14 00:00:00 UTC,2015-04-13 21:45:43 UTC
143,Fruits and fruit products,Fruits - Berries,Grape [Green],Raisin [Vert],Vitis vinifera L.,Vitaceae,2005-09-14 00:00:00 UTC,2015-04-13 21:45:43 UTC
89,Fruits and fruit products,Fruits - Berries,Greencurrant,Cassis,Ribes nigrum L.,Grossulariaceae,2005-01-27 00:00:00 UTC,2015-04-13 21:45:43 UTC
113,Fruits and fruit products,Fruits - Berries,Half-highbush blueberry,Airelle half-highbush,Vaccinium augustifolium Aiton x Vaccinium corymbosum,Ericaceae,2005-02-07 00:00:00 UTC,2015-04-13 21:45:43 UTC
95,Fruits and fruit products,Fruits - Berries,"Highbush blueberry, raw",Airelle en corymbe,Vaccinium corymbosum L. and Vaccinium corymbosum L. hybrids,Ericaceae,2005-01-27 00:00:00 UTC,2015-04-13 21:45:43 UTC
104,Fruits and fruit products,Fruits - Berries,Jostaberry,Baie Josta,Ribes × nidigrolaria Rud. Bauer & A. Bauer,Grossulariaceae,2005-02-04 00:00:00 UTC,2015-04-13 21:45:43 UTC
83,Fruits and fruit products,Fruits - Berries,"Lingonberry, raw","Airelle rouge, crue",Vaccinium vitis-idaea L.,Ericaceae,2005-01-26 00:00:00 UTC,2015-04-13 21:45:43 UTC
81,Fruits and fruit products,Fruits - Berries,"Lowbush blueberry, raw","Airelle à feuilles étroites, crue",Vaccinium augustifolium Aiton,Ericaceae,2005-01-26 00:00:00 UTC,2015-04-13 21:45:43 UTC
110,Fruits and fruit products,Fruits - Berries,Oval-leaf huckleberry,Huckleberry Oval-leaf,Vaccinium ovalifolium,Ericaceae,2005-02-07 00:00:00 UTC,2015-04-13 21:45:43 UTC
100,Fruits and fruit products,Fruits - Berries,Rabbiteye blueberry,Airelle rabbiteye,Vaccinium corymbosum L.,Ericaceae,2005-02-03 00:00:00 UTC,2015-04-13 21:45:43 UTC
112,Fruits and fruit products,Fruits - Berries,Red huckleberry,Huckleberry,Vaccinium parvifolium Sm.,Ericaceae,2005-02-07 00:00:00 UTC,2015-04-13 21:45:43 UTC
67,Fruits and fruit products,Fruits - Berries,"Red raspberry, raw","Framboise rouge, cru",Rubus idaeus L.,Rosaceae,2005-01-24 00:00:00 UTC,2015-04-13 21:45:43 UTC
86,Fruits and fruit products,Fruits - Berries,"Redcurrant, raw","Groseille, crue",Ribes rubrum L.,Grossulariaceae,2005-01-26 00:00:00 UTC,2015-04-13 21:45:43 UTC
108,Fruits and fruit products,Fruits - Berries,"Rowanberry, raw","Sorbier, cru",Sorbus aucuparia L.,Rosaceae,2005-02-07 00:00:00 UTC,2015-04-13 21:45:43 UTC
115,Fruits and fruit products,Fruits - Berries,Sea-buckthornberry,Argousier,Hippophae rhamnoides L.,Elaeagnaceae,2005-02-08 00:00:00 UTC,2015-04-13 21:45:43 UTC
127,Fruits and fruit products,Fruits - Berries,Skunk,Groseille,Ribes valdivianum Phil.,Grossulariaceae,2005-05-12 00:00:00 UTC,2015-04-13 21:45:43 UTC
69,Fruits and fruit products,Fruits - Berries,"Strawberry, raw","Fraise, crue",Fragaria L.,Rosaceae,2005-01-25 00:00:00 UTC,2015-04-13 21:45:43 UTC
116,Fruits and fruit products,Fruits - Berries,Sweet rowanberry,Sorbier,Grataegosorbus mitschurinii,Rosaceae,2005-02-08 00:00:00 UTC,2015-04-13 21:45:43 UTC
90,Fruits and fruit products,Fruits - Berries,Whitecurrant,Groseille,Ribes rubrum L.,Grossulariaceae,2005-01-27 00:00:00 UTC,2015-04-13 21:45:43 UTC
11,Fruits and fruit products,Fruits - Citrus,Grapefruit,Pomelo,Citrus paradisi,Rutaceae,2004-04-13 00:00:00 UTC,2015-04-13 21:45:42 UTC
16,Fruits and fruit products,Fruits - Citrus,Lemon,Citron,Citrus limon,Rutaceae,2004-05-11 15:33:48 UTC,2015-04-13 21:45:42 UTC
205,Fruits and fruit products,Fruits - Citrus,Lime,Citron vert,Citrus aurantifolia,Rutaceae,2006-03-30 00:00:00 UTC,2015-04-13 21:45:44 UTC
8,Fruits and fruit products,Fruits - Citrus,Orange [Blond],Orange [Blonde],Citrus sinensis L.,Rutaceae,2004-04-13 00:00:00 UTC,2015-04-13 21:45:42 UTC
22,Fruits and fruit products,Fruits - Citrus,Tangerine,Mandarine,Citrus tangerina,Rutaceae,2004-05-11 15:33:48 UTC,2015-04-13 21:45:42 UTC
54,Fruits and fruit products,Fruits - Drupes,"Apricot, raw","Abricot, cru",Prunus armeniaca L.,Rosaceae,2004-11-24 00:00:00 UTC,2015-04-13 21:45:42 UTC
60,Fruits and fruit products,Fruits - Drupes,"Nectarine, peeled","Nectarine, pelée",Prunus persica var. nucipersica,Rosaceae,2004-11-25 00:00:00 UTC,2015-04-13 21:45:42 UTC
55,Fruits and fruit products,Fruits - Drupes,"Nectarine, whole","Nectarine, entière",Prunus persica var. nucipersica,Rosaceae,2004-11-24 00:00:00 UTC,2015-04-13 21:45:42 UTC
45,Fruits and fruit products,Fruits - Drupes,"Peach, peeled","Pêche, pelée",Prunus persica L.,Rosaceae,2004-11-19 00:00:00 UTC,2015-04-13 21:45:42 UTC
44,Fruits and fruit products,Fruits - Drupes,"Peach, whole","Pêche, entière",Prunus persica L.,Rosaceae,2004-11-19 00:00:00 UTC,2015-04-13 21:45:42 UTC
50,Fruits and fruit products,Fruits - Drupes,"Plum, fresh","Prune, fraîche",Prunus domestica L.,Rosaceae,2004-11-22 00:00:00 UTC,2015-04-13 21:45:42 UTC
47,Fruits and fruit products,Fruits - Drupes,Sour cherry,Cerise acide,Prunus cerasus L.,Rosaceae,2004-11-19 00:00:00 UTC,2015-04-13 21:45:42 UTC
46,Fruits and fruit products,Fruits - Drupes,"Sweet cherry, raw","Cerise douce, crue",Prunus avium L.,Rosaceae,2004-11-19 00:00:00 UTC,2015-04-13 21:45:42 UTC
3,Fruits and fruit products,Fruits - Gourds,Cantaloupe,Melon cantaloup,Cucumis melo var. dudaim,Cucurbitaceae,2002-09-23 11:42:55 UTC,2015-04-13 21:45:42 UTC
449,Fruits and fruit products,Fruits - Gourds,Honeydew melon,Melon d'hiver,Cucumis melo,Cucurbitaceae,2006-09-13 00:00:00 UTC,2015-04-13 21:45:46 UTC
160,Fruits and fruit products,Fruits - Gourds,Melon,Melon,Cucumis melo,Cucurbitaceae,2005-09-28 00:00:00 UTC,2015-04-13 21:45:43 UTC
182,Fruits and fruit products,Fruits - Gourds,Muskmelon,Melon,Cucumis melo,Cucurbitaceae,2005-09-29 00:00:00 UTC,2015-04-13 21:45:44 UTC
181,Fruits and fruit products,Fruits - Gourds,Watermelon,Pastèque,Citrullus lanatus vulgaris,Cucurbitaceae,2005-09-29 00:00:00 UTC,2015-04-13 21:45:44 UTC
914,Fruits and fruit products,Fruits - Other fruits,"Date, fresh","Datte, fraîche",Phoenix dactylifera L.,Arecaceae,2008-04-16 00:00:00 UTC,2015-04-13 21:45:50 UTC
916,Fruits and fruit products,Fruits - Other fruits,"Fig, peeled, fresh","Figue, pelée, fraîche",Ficus carica L.,Moraceae,2008-04-16 00:00:00 UTC,2015-04-13 21:45:50 UTC
915,Fruits and fruit products,Fruits - Other fruits,"Fig, whole, fresh","Figue, entière, fraîche",Ficus carica L.,Moraceae,2008-04-16 00:00:00 UTC,2015-04-13 21:45:50 UTC
34,Fruits and fruit products,Fruits - Pomes,"Apple [Cider], peeled","Pomme [Cidre], pelée",Malus domestica,Rosaceae,2004-06-16 14:32:03 UTC,2015-04-13 21:45:42 UTC
33,Fruits and fruit products,Fruits - Pomes,"Apple [Cider], whole","Pomme [Cidre], entière",Malus domestica,Rosaceae,2004-06-16 14:32:03 UTC,2015-04-13 21:45:42 UTC
24,Fruits and fruit products,Fruits - Pomes,"Apple [Dessert], peeled","Pomme [Dessert], pelée",Malus domestica,Rosaceae,2004-06-16 14:31:30 UTC,2015-04-13 21:45:42 UTC
23,Fruits and fruit products,Fruits - Pomes,"Apple [Dessert], whole, raw","Pomme [Dessert], entière, crue",Malus domestica,Rosaceae,2004-06-16 14:30:47 UTC,2015-04-13 21:45:42 UTC
187,Fruits and fruit products,Fruits - Pomes,Medlar,Nèfle,Mespilus germanica L.,Rosaceae,2005-09-29 00:00:00 UTC,2015-04-13 21:45:44 UTC
40,Fruits and fruit products,Fruits - Pomes,"Pear, peeled","Poire, pelée",Pyrus communis,Rosaceae,2004-11-16 00:00:00 UTC,2015-04-13 21:45:42 UTC
39,Fruits and fruit products,Fruits - Pomes,"Pear, whole","Poire, entière",Pyrus communis,Rosaceae,2004-11-16 00:00:00 UTC,2015-04-13 21:45:42 UTC
41,Fruits and fruit products,Fruits - Pomes,"Quince, peeled, raw","Coing, pelé",Cydonia Oblonga Mill.,Rosaceae,2004-11-18 00:00:00 UTC,2015-04-13 21:45:42 UTC
157,Fruits and fruit products,Fruits - Stalk vegetables,"Rhubarb, raw","Rhubarbe, crue",Rheum  L.,Polygonaceae,2005-09-28 00:00:00 UTC,2015-04-13 21:45:43 UTC
159,Fruits and fruit products,Fruits - Tropical fruits,"Banana, raw","Banane, crue",Musa  L.,Musaceae,2005-09-28 00:00:00 UTC,2015-04-13 21:45:43 UTC
185,Fruits and fruit products,Fruits - Tropical fruits,Custard apple,Corossol,Annona reticulata L.,Annonaceae,2005-09-29 00:00:00 UTC,2015-04-13 21:45:44 UTC
168,Fruits and fruit products,Fruits - Tropical fruits,Guava,Goyave,Psidium guajava L.,Myrtaceae,2005-09-29 00:00:00 UTC,2015-04-13 21:45:43 UTC
155,Fruits and fruit products,Fruits - Tropical fruits,Kiwi,Kiwi,Actinidia chinensis Planch,Actinidiaceae,2005-09-28 00:00:00 UTC,2015-04-13 21:45:43 UTC
167,Fruits and fruit products,Fruits - Tropical fruits,Lichee,Litchi,Litchi chinensis L.,Sapindaceae,2005-09-29 00:00:00 UTC,2015-04-13 21:45:43 UTC
909,Fruits and fruit products,Fruits - Tropical fruits,Longan,Longane,Dymocarpus longan Lour.,Sapindaceae,2008-04-14 00:00:00 UTC,2015-04-13 21:45:50 UTC
912,Fruits and fruit products,Fruits - Tropical fruits,Loquat,Néfle du Japon,Eriobotrya japonica Lindl.,Rosaceae,2008-04-16 00:00:00 UTC,2015-04-13 21:45:50 UTC
156,Fruits and fruit products,Fruits - Tropical fruits,Mango,Mangue,Mangifera indica L.,Anacardiaceae,2005-09-28 00:00:00 UTC,2015-04-13 21:45:43 UTC
201,Fruits and fruit products,Fruits - Tropical fruits,Papaya,Papaye,Carica papaya L.,Caricaceae,2005-10-27 00:00:00 UTC,2015-04-13 21:45:44 UTC
910,Fruits and fruit products,Fruits - Tropical fruits,Passion fruit,Fruit de la passion,Passiflora edulis L.,Passifloraceae,2008-04-14 00:00:00 UTC,2015-04-13 21:45:50 UTC
918,Fruits and fruit products,Fruits - Tropical fruits,"Persimmon, fresh","Kaki, frais",Diospyros kaki L.,Ebenaceae,2008-04-16 00:00:00 UTC,2015-04-13 21:45:50 UTC
161,Fruits and fruit products,Fruits - Tropical fruits,Pineapple,Ananas,Ananas comosus L. Merr.,Bromeliaceae,2005-09-28 00:00:00 UTC,2015-04-13 21:45:43 UTC
180,Fruits and fruit products,Fruits - Tropical fruits,Pomegranate,Grenade,Punica granatum L.,Lythraceae,2005-09-29 00:00:00 UTC,2015-04-13 21:45:44 UTC
200,Fruits and fruit products,Fruits - Tropical fruits,Star fruit,Carambole,Averroha carambola L.,Oxalidaceae,2005-10-27 00:00:00 UTC,2015-04-13 21:45:44 UTC
80,Fruits and fruit products,Jams - Berry jams,"Blackberry, jam","Mûre (Ronce), confiture",Rubus L.,Rosaceae,2005-01-26 00:00:00 UTC,2015-04-13 21:45:43 UTC
78,Fruits and fruit products,Jams - Berry jams,"Blackcurrant, jam",Cassis,Ribes nigrum L.,Grossulariaceae,2005-01-26 00:00:00 UTC,2015-04-13 21:45:43 UTC
82,Fruits and fruit products,Jams - Berry jams,"Lowbush blueberry, jam","Airelle à feuilles étroites, confiture",Vaccinium augustifolium Aiton,Ericaceae,2005-01-26 00:00:00 UTC,2015-04-13 21:45:43 UTC
68,Fruits and fruit products,Jams - Berry jams,"Red raspberry, jam","Framboise rouge, confiture",Rubus idaeus L.,Rosaceae,2005-01-25 00:00:00 UTC,2015-04-13 21:45:43 UTC
88,Fruits and fruit products,Jams - Berry jams,"Strawberry, jam","Fraise, confiture",Fragaria L.,Rosaceae,2005-01-27 00:00:00 UTC,2015-04-13 21:45:43 UTC
58,Fruits and fruit products,Jams - Drupe jams,"Apricot, jam","Abricot, confiture",Prunus armeniaca L.,Rosaceae,2004-11-24 00:00:00 UTC,2015-04-13 21:45:42 UTC
123,Fruits and fruit products,Jams - Drupe jams,"Plum, jam","Prune, confiture",Prunus domestica L.,Rosaceae,2005-03-07 00:00:00 UTC,2015-04-13 21:45:43 UTC
122,Fruits and fruit products,Jams - Drupe jams,"Sour cherry, jam","Cerise acide, confiture",Prunus cerasus L.,Rosaceae,2005-03-07 00:00:00 UTC,2015-04-13 21:45:43 UTC
120,Fruits and fruit products,Jams - Drupe jams,"Sweet cherry, jam","Cerise, confiture",Prunus avium L.,Rosaceae,2005-03-07 00:00:00 UTC,2015-04-13 21:45:43 UTC
933,Fruits and fruit products,Jams - Pome jams,"Apple [Dessert], compote","Pomme [Dessert], compote",Malus domestica,Rosaceae,2004-06-16 14:32:03 UTC,2015-04-13 21:45:50 UTC
27,Fruits and fruit products,Jams - Pome jams,"Apple [Dessert], jam","Pomme [Dessert], confiture",Malus domestica,Rosaceae,2004-06-16 14:32:03 UTC,2015-04-13 21:45:42 UTC
932,Fruits and fruit products,Jams - Pome jams,"Apple [Dessert], jelly","Pomme [Dessert], gelée",Malus domestica,Rosaceae,2004-06-16 14:32:03 UTC,2015-04-13 21:45:50 UTC
43,Fruits and fruit products,Jams - Pome jams,"Quince, jam","Coing, confiture",Cydonia Oblonga Mill.,Rosaceae,2004-11-18 00:00:00 UTC,2015-04-13 21:45:42 UTC
42,Fruits and fruit products,Jams - Pome jams,"Quince, jelly","Coing, gelée",Cydonia Oblonga Mill.,Rosaceae,2004-11-18 00:00:00 UTC,2015-04-13 21:45:42 UTC
1465,Fruits and fruit products,Jams - Pome jams,"Quince, peeled, jam","Coing, confiture",Cydonia Oblonga Mill.,Rosaceae,2012-11-12 00:00:00 UTC,2015-04-13 21:45:54 UTC
688,Non-alcoholic beverages,Cocoa beverage - Chocolate,"Chocolate, milk, beverage","Chocolat au lait, boisson","","",2007-08-14 00:00:00 UTC,2015-04-13 21:45:48 UTC
662,Non-alcoholic beverages,Coffee  beverage - Arabica Coffee  beverages,Arabica coffee beverage [Filter],Boisson de café Arabica [Filtre],Coffea arabica L.,Rubiaceae,2007-07-12 00:00:00 UTC,2015-04-13 21:45:48 UTC
666,Non-alcoholic beverages,Coffee  beverage - Robusta Coffee  beverages,Robusta coffee beverage [Filter],Boisson de café Robusta [Filtre],Coffea canephora,Rubiaceae,2007-07-12 00:00:00 UTC,2015-04-13 21:45:48 UTC
552,Non-alcoholic beverages,Coffee  beverage - Unknown Coffee  beverages,Coffee beverage [Filter],Boisson de café [Filtre],Coffea L.,Rubiaceae,2007-04-02 14:33:03 UTC,2015-04-13 21:45:47 UTC
553,Non-alcoholic beverages,Coffee  beverage - Unknown Coffee  beverages,"Coffee beverage [Filter], decaffeinated","Boisson de café [Filtre], décaféiné",Coffea L.,Rubiaceae,2007-04-02 14:33:03 UTC,2015-04-13 21:45:47 UTC
204,Non-alcoholic beverages,Fruit juices - Berry juices,"Fox grape [Green], pure juice","Raisin Labrusca [Vert], pur jus",Vitis labrusca L.,Vitaceae,2006-03-01 00:00:00 UTC,2015-04-13 21:45:44 UTC
246,Non-alcoholic beverages,Fruit juices - Berry juices,"Grape [Black], pure juice","Raisin [Noir], pur jus",Vitis vinifera L.,Vitaceae,2006-05-31 00:00:00 UTC,2015-04-13 21:45:44 UTC
243,Non-alcoholic beverages,Fruit juices - Berry juices,"Grape [Green], pure juice","Raisin [Vert], pur jus",Vitis vinifera L.,Vitaceae,2006-05-31 00:00:00 UTC,2015-04-13 21:45:44 UTC
162,Non-alcoholic beverages,Fruit juices - Berry juices,"Muscadine grape [Black], pure juice","Raisin muscadine [Noir], pur jus",Vitis rotundifolia Michx.,Vitaceae,2005-09-29 00:00:00 UTC,2015-04-13 21:45:43 UTC
163,Non-alcoholic beverages,Fruit juices - Berry juices,"Muscadine grape [Green], pure juice","Raisin muscadine [Vert], pur jus",Vitis rotundifolia Michx.,Vitaceae,2005-09-29 00:00:00 UTC,2015-04-13 21:45:43 UTC
103,Non-alcoholic beverages,Fruit juices - Berry juices,"Red raspberry, pure juice","Framboise rouge, pur jus",Rubus idaeus L.,Rosaceae,2005-02-03 00:00:00 UTC,2015-04-13 21:45:43 UTC
71,Non-alcoholic beverages,Fruit juices - Berry juices,"Rowanberry, pure juice","Sorbier, pur jus",Sorbus aucuparia L.,Rosaceae,2005-01-26 00:00:00 UTC,2015-04-13 21:45:43 UTC
133,Non-alcoholic beverages,Fruit juices - Berry juices,"Sea-buckthornberry, pure juice",Argousier,Hippophae rhamnoides L.,Elaeagnaceae,2005-07-21 00:00:00 UTC,2015-04-13 21:45:43 UTC
12,Non-alcoholic beverages,Fruit juices - Citrus juices,"Grapefruit, juice from concentrate",Pomelo,Citrus paradisi,Rutaceae,2004-04-13 10:35:29 UTC,2015-04-13 21:45:42 UTC
15,Non-alcoholic beverages,Fruit juices - Citrus juices,"Grapefruit, pure juice","Pomelo, pur jus",Citrus paradisi,Rutaceae,2004-04-13 10:35:29 UTC,2015-04-13 21:45:42 UTC
18,Non-alcoholic beverages,Fruit juices - Citrus juices,"Grapefruit/Pummelo hybrid, pure juice","Hybride Pomelo/Pamplemousse, pur jus",Citrus paradisi x Citrus grandis,Rutaceae,2004-05-11 00:00:00 UTC,2015-04-13 21:45:42 UTC
195,Non-alcoholic beverages,Fruit juices - Citrus juices,"Lemon, juice from concentrate","Citron, jus à partir de concentré",Citrus limon,Rutaceae,2005-10-13 00:00:00 UTC,2015-04-13 21:45:44 UTC
17,Non-alcoholic beverages,Fruit juices - Citrus juices,"Lemon, pure juice","Citron, pur jus",Citrus limon,Rutaceae,2004-05-11 15:33:48 UTC,2015-04-13 21:45:42 UTC
206,Non-alcoholic beverages,Fruit juices - Citrus juices,"Lime, pure juice","Citron vert, pur jus",Citrus aurantifolia,Rutaceae,2006-03-30 00:00:00 UTC,2015-04-13 21:45:44 UTC
9,Non-alcoholic beverages,Fruit juices - Citrus juices,"Orange [Blond], juice from concentrate","Orange [Blonde], jus à partir de concentré",Citrus sinensis L.,Rutaceae,2004-04-13 10:35:29 UTC,2015-04-13 21:45:42 UTC
6,Non-alcoholic beverages,Fruit juices - Citrus juices,"Orange [Blond], pure juice","Orange [Blonde], pur jus",Citrus sinensis L.,Rutaceae,2004-04-13 10:35:29 UTC,2015-04-13 21:45:42 UTC
7,Non-alcoholic beverages,Fruit juices - Citrus juices,"Orange [Blood], juice from concentrate","Orange [Sanguine], jus à partir de concentré",Citrus sinensis,Rutaceae,2004-04-13 15:24:33 UTC,2015-04-13 21:45:42 UTC
10,Non-alcoholic beverages,Fruit juices - Citrus juices,"Orange [Blood], pure juice","Orange [Sanguine], pur jus",Citrus sinensis,Rutaceae,2004-04-13 15:24:33 UTC,2015-04-13 21:45:42 UTC
13,Non-alcoholic beverages,Fruit juices - Citrus juices,"Pummelo, pure juice","Pamplemousse, pur jus",Citrus maxima,Rutaceae,2004-04-13 10:35:29 UTC,2015-04-13 21:45:42 UTC
21,Non-alcoholic beverages,Fruit juices - Citrus juices,"Tangerine, juice from concentrate","Mandarine, jus à partir de concentré",Citrus tangerina,Rutaceae,2004-05-11 15:33:48 UTC,2015-04-13 21:45:42 UTC
20,Non-alcoholic beverages,Fruit juices - Citrus juices,"Tangerine, pure juice","Mandarine, pur jus",Citrus tangerina,Rutaceae,2004-05-11 15:33:48 UTC,2015-04-13 21:45:42 UTC
65,Non-alcoholic beverages,Fruit juices - Drupe juices,"Plum, prune, juice from concentrate","Pruneau, jus à partir de concentré",Prunus domestica L.,Rosaceae,2004-12-02 00:00:00 UTC,2015-04-13 21:45:43 UTC
64,Non-alcoholic beverages,Fruit juices - Drupe juices,"Plum, prune, pure juice","Pruneau, pur jus",Prunus domestica L.,Rosaceae,2004-12-02 00:00:00 UTC,2015-04-13 21:45:43 UTC
36,Non-alcoholic beverages,Fruit juices - Pome juices,"Apple [Cider], juice from concentrate","Pomme [Cidre], jus à partir de concentré",Malus domestica,Rosaceae,2004-06-16 14:32:03 UTC,2015-04-13 21:45:42 UTC
35,Non-alcoholic beverages,Fruit juices - Pome juices,"Apple [Cider], pure juice","Pomme [Cidre], pur jus",Malus domestica,Rosaceae,2004-06-16 14:32:03 UTC,2015-04-13 21:45:42 UTC
26,Non-alcoholic beverages,Fruit juices - Pome juices,"Apple [Dessert], juice from concentrate","Pomme [Dessert], jus à partir de concentré",Malus domestica,Rosaceae,2004-06-16 14:31:51 UTC,2015-04-13 21:45:42 UTC
25,Non-alcoholic beverages,Fruit juices - Pome juices,"Apple [Dessert], pure juice","Pomme [Dessert], pur jus",Malus domestica,Rosaceae,2004-06-16 14:31:41 UTC,2015-04-13 21:45:42 UTC
38,Non-alcoholic beverages,Fruit juices - Pome juices,"Pear, pure juice","Poire, pur jus",Pyrus communis,Rosaceae,2004-11-16 00:00:00 UTC,2015-04-13 21:45:42 UTC
922,Non-alcoholic beverages,Fruit juices - Tropical fruit juices,"Kiwi, juice from concentrate","Kiwi, jus à partir de concentré",Actinidia chinensis Planch,Actinidiaceae,2008-04-21 00:00:00 UTC,2015-04-13 21:45:50 UTC
921,Non-alcoholic beverages,Fruit juices - Tropical fruit juices,"Kiwi, pure juice","Kiwi, pur jus",Actinidia chinensis Planch,Actinidiaceae,2008-04-21 00:00:00 UTC,2015-04-13 21:45:50 UTC
164,Non-alcoholic beverages,Fruit juices - Tropical fruit juices,"Pineapple, pure juice","Ananas, pur jus",Ananas comosus L. Merr.,Bromeliaceae,2005-09-29 00:00:00 UTC,2015-04-13 21:45:43 UTC
917,Non-alcoholic beverages,Fruit juices - Tropical fruit juices,"Pomegranate, juice from concentrate","Grenade, jus à partir de concentré",Punica granatum L.,Lythraceae,2008-04-16 00:00:00 UTC,2015-04-13 21:45:50 UTC
191,Non-alcoholic beverages,Fruit juices - Tropical fruit juices,"Pomegranate, pure juice","Grenade, pur jus",Punica granatum L.,Lythraceae,2005-10-03 00:00:00 UTC,2015-04-13 21:45:44 UTC
4,Non-alcoholic beverages,Herb infusions,"Common sage, tea","Sauge officinale, infusion",Salvia officinalis L.,Lamiaceae,2007-12-12 00:00:00 UTC,2015-04-13 21:45:42 UTC
857,Non-alcoholic beverages,Herb infusions,"Common thyme, tea","Thym, infusion",Thymus L.,Lamiaceae,2007-12-12 00:00:00 UTC,2015-04-13 21:45:49 UTC
865,Non-alcoholic beverages,Herb infusions,"Coriander, tea","Coriandre, infusion",Coriandrum sativum L.,Apiaceae,2007-12-14 00:00:00 UTC,2015-04-13 21:45:49 UTC
866,Non-alcoholic beverages,Herb infusions,"Fennel, tea","Fenouil commun, infusion",Foeniculum vulgare Mill.,Apiaceae,2007-12-14 00:00:00 UTC,2015-04-13 21:45:49 UTC
863,Non-alcoholic beverages,Herb infusions,"German camomile, tea","Camomille sauvage, infusion",Matricaria chamomilla L.,Asteraceae,2007-12-14 00:00:00 UTC,2015-04-13 21:45:49 UTC
867,Non-alcoholic beverages,Herb infusions,"Hyssop, tea","Hysope officinale, infusion",Hyssopus officinalis L.,Lamiaceae,2007-12-14 00:00:00 UTC,2015-04-13 21:45:49 UTC
864,Non-alcoholic beverages,Herb infusions,"Lemon grass, tea","Citronelle de l'Inde, infusion",Cymbopogon citratus,Poaceae,2007-12-14 00:00:00 UTC,2015-04-13 21:45:49 UTC
877,Non-alcoholic beverages,Herb infusions,"Lemon thyme, tea","Thym citron, infusion",Thymus pulegioides L.,Lamiaceae,2007-12-14 00:00:00 UTC,2015-04-13 21:45:49 UTC
872,Non-alcoholic beverages,Herb infusions,"Lemon verbena, tea","Verveine odorante, infusion",Lippia tryphilla Kuntze,Verbenaceae,2007-12-14 00:00:00 UTC,2015-04-13 21:45:49 UTC
870,Non-alcoholic beverages,Herb infusions,"Lovage, tea","Ache des montagnes, infusion",Levisticum officinale,Apiaceae,2007-12-14 00:00:00 UTC,2015-04-13 21:45:49 UTC
869,Non-alcoholic beverages,Herb infusions,"Peppermint, tea","Menthe poivrée, infusion",Mentha piperita var piperita L.,Lamiaceae,2007-12-14 00:00:00 UTC,2015-04-13 21:45:49 UTC
873,Non-alcoholic beverages,Herb infusions,"Roman camomile, tea","Camomille romaine, infusion",Chamaemelum nobile L.,Asteraceae,2007-12-14 00:00:00 UTC,2015-04-13 21:45:49 UTC
862,Non-alcoholic beverages,Herb infusions,"Rosemary, tea","Romarin, infusion",Rosmarinus officinalis L.,Lamiaceae,2007-12-14 00:00:00 UTC,2015-04-13 21:45:49 UTC
876,Non-alcoholic beverages,Herb infusions,"Small-leaf linden, tea","Tilleul à petites feuilles, infusion",Tilia cordata,Tiliaceae,2007-12-14 00:00:00 UTC,2015-04-13 21:45:49 UTC
868,Non-alcoholic beverages,Herb infusions,"Spearmint, tea","Menthe douce, infusion",Mentha spicata L.,Lamiaceae,2007-12-14 00:00:00 UTC,2015-04-13 21:45:49 UTC
874,Non-alcoholic beverages,Herb infusions,"Sweet basil, tea","Basilic, infusion",Ocimum basilicum L.,Lamiaceae,2007-12-14 00:00:00 UTC,2015-04-13 21:45:49 UTC
871,Non-alcoholic beverages,Herb infusions,"Sweet bay, tea","Laurier-sauce, infusion",Laurus nobilis L.,Lauraceae,2007-12-14 00:00:00 UTC,2015-04-13 21:45:49 UTC
878,Non-alcoholic beverages,Herb infusions,"Tarragon, tea","Estragon, infusion",Artemisia dranunculus,Asteraceae,2007-12-14 00:00:00 UTC,2015-04-13 21:45:49 UTC
875,Non-alcoholic beverages,Herb infusions,"Winter savory, tea","Sariette des montagnes, infusion",Satureja montana L.,Lamiaceae,2007-12-14 00:00:00 UTC,2015-04-13 21:45:49 UTC
938,Non-alcoholic beverages,Soy drinks,"Soy, milk",Jus de soja,"","",2009-05-19 11:20:01 UTC,2015-04-13 21:45:50 UTC
207,Non-alcoholic beverages,Tea infusions,"Tea [Black], bottled","Thé [Noir], en bouteille",Camellia sinensis L. Kuntze,Theaceae,2006-03-30 00:00:00 UTC,2015-04-13 21:45:44 UTC
30,Non-alcoholic beverages,Tea infusions,"Tea [Black], infusion","Thé [Noir], infusion",Camellia sinensis L. Kuntze,Theaceae,2004-06-16 00:00:00 UTC,2015-04-13 21:45:42 UTC
208,Non-alcoholic beverages,Tea infusions,"Tea [Green], bottled","Thé [Vert], en bouteille",Camellia sinensis L. Kuntze,Theaceae,2006-03-30 00:00:00 UTC,2015-04-13 21:45:44 UTC
29,Non-alcoholic beverages,Tea infusions,"Tea [Green], infusion","Thé [Vert], infusion",Camellia sinensis L. Kuntze,Theaceae,2004-06-16 00:00:00 UTC,2015-04-13 21:45:42 UTC
209,Non-alcoholic beverages,Tea infusions,"Tea [Oolong], bottled","Thé [Oolong], en bouteille",Camellia sinensis L. Kuntze,Theaceae,2006-03-30 00:00:00 UTC,2015-04-13 21:45:44 UTC
31,Non-alcoholic beverages,Tea infusions,"Tea [Oolong], infusion","Thé [Oolong], infusion",Camellia sinensis L. Kuntze,Theaceae,2004-06-16 00:00:00 UTC,2015-04-13 21:45:42 UTC
903,Oils,Oils - Cereal oils,"Maize, bran oil",Huile de son de maïs,Zea mays L.,Poaceae,2006-08-16 00:00:00 UTC,2015-04-13 21:45:50 UTC
822,Oils,Oils - Fruit vegetable oils,"Olive, oil, extra virgin",Huile d'olive vierge extra,Olea europaea L.,Oleaceae,2007-11-19 00:00:00 UTC,2015-04-13 21:45:49 UTC
823,Oils,Oils - Fruit vegetable oils,"Olive, oil, refined",Huile d'olive raffinée,Olea europaea L.,Oleaceae,2007-11-19 00:00:00 UTC,2015-04-13 21:45:49 UTC
808,Oils,Oils - Fruit vegetable oils,"Olive, oil, virgin",Huile d'olive vierge,Olea europaea L.,Oleaceae,2007-11-07 00:00:00 UTC,2015-04-13 21:45:49 UTC
714,Oils,Oils - Nut oils,"Peanut, butter","Cacahuète, pâte",Arachis hypogaea L.,Fabaceae,2007-09-26 00:00:00 UTC,2015-04-13 21:45:48 UTC
842,Oils,Oils - Other seed oils,"Rape seed, oil",Huile de colza,Brassica napus L.,Brassicaceae,2007-11-30 00:00:00 UTC,2015-04-13 21:45:49 UTC
848,Oils,Oils - Other seed oils,"Sesame seed [Black], oil",Huile de sésame [Noir],Sesamum indicum L.,Pedaliaceae,2007-11-19 16:21:34 UTC,2015-04-13 21:45:49 UTC
851,Oils,Oils - Other seed oils,"Sesame seed, oil",Huile de sésame,Sesamum indicum L.,Pedaliaceae,2007-11-19 16:21:34 UTC,2015-04-13 21:45:49 UTC
937,Oils,Oils - Other seed oils,"Soy, oil",Huile de soja,Glycine Max L. Merr.,Fabaceae,2009-05-18 11:14:41 UTC,2015-04-13 21:45:50 UTC
825,Oils,Oils - Other seed oils,"Sunflower seed, oil",Huile de tournesol,Helianthus annuus L.,Asteraceae,2007-11-20 00:00:00 UTC,2015-04-13 21:45:49 UTC
833,Seasonings,Herbs,"Angelica, fresh","Angélique, fraîche",Angelica L.,Apiaceae,2007-11-26 00:00:00 UTC,2015-04-13 21:45:49 UTC
791,Seasonings,Herbs,"Anise herb, dried","Anis vert, séché",Pimpinella anisum L.,Apiaceae,2007-11-01 00:00:00 UTC,2015-04-13 21:45:49 UTC
348,Seasonings,Herbs,"Celery leaves, fresh","Feuilles de céleri, fraîches",Apium graveolens L. var. secalineum,Apiaceae,2006-08-17 00:00:00 UTC,2015-04-13 21:45:45 UTC
476,Seasonings,Herbs,"Chinese chives, fresh","Ciboule de Chine, fraîche",Allium odurum L.,Alliaceae,2006-09-20 00:00:00 UTC,2015-04-13 21:45:46 UTC
762,Seasonings,Herbs,"Chives, fresh","Ciboulette, fraîche",Allium schoenoprasum L.,Alliaceae,2007-10-17 00:00:00 UTC,2015-04-13 21:45:48 UTC
743,Seasonings,Herbs,"Common sage, dried","Sauge officinale, séchée",Salvia officinalis L.,Lamiaceae,2007-10-16 00:00:00 UTC,2015-04-13 21:45:48 UTC
735,Seasonings,Herbs,"Common sage, fresh","Sauge officinale, fraîche",Salvia officinalis L.,Lamiaceae,2007-10-16 00:00:00 UTC,2015-04-13 21:45:48 UTC
763,Seasonings,Herbs,"Common thyme, dried",Thym commun,Thymus L.,Lamiaceae,2007-10-17 00:00:00 UTC,2015-04-13 21:45:48 UTC
736,Seasonings,Herbs,"Common thyme, fresh","Thym commun, frais",Thymus L.,Lamiaceae,2007-10-16 00:00:00 UTC,2015-04-13 21:45:48 UTC
829,Seasonings,Herbs,"Common verbena, fresh","Verveine officinale, fraîche",Verbena officinalis L.,Verbenaceae,2007-11-23 00:00:00 UTC,2015-04-13 21:45:49 UTC
790,Seasonings,Herbs,"Coriander, dried","Coriandre, séchée",Coriandrum sativum L.,Apiaceae,2007-11-01 00:00:00 UTC,2015-04-13 21:45:49 UTC
771,Seasonings,Herbs,"Coriander, fresh","Coriandre, fraîche",Coriandrum sativum L.,Apiaceae,2007-10-22 00:00:00 UTC,2015-04-13 21:45:49 UTC
784,Seasonings,Herbs,"Dill, dried","Aneth odorant, séché",Anethum graveolens L.,Apiaceae,2007-10-22 00:00:00 UTC,2015-04-13 21:45:49 UTC
761,Seasonings,Herbs,"Dill, fresh","Aneth odorant, frais",Anethum graveolens L.,Apiaceae,2007-10-17 00:00:00 UTC,2015-04-13 21:45:48 UTC
792,Seasonings,Herbs,"Fennel, dried","Fenouil commun, séché",Foeniculum vulgare Mill.,Apiaceae,2007-11-01 00:00:00 UTC,2015-04-13 21:45:49 UTC
748,Seasonings,Herbs,"Fennel, fresh leaves","Fenouil commun, feuilles fraîches",Foeniculum vulgare Mill.,Apiaceae,2007-10-16 00:00:00 UTC,2015-04-13 21:45:48 UTC
844,Seasonings,Herbs,"Fenugreek, dried","Fenugrec, séché",Trigonella foenum-graecum L.,Fabaceae,2007-12-05 00:00:00 UTC,2015-04-13 21:45:49 UTC
767,Seasonings,Herbs,"Fenugreek, fresh","Fenugrec, frais",Trigonella foenum-graecum L.,Fabaceae,2007-10-22 00:00:00 UTC,2015-04-13 21:45:49 UTC
329,Seasonings,Herbs,"Garlic, fresh","Ail, frais",Allium sativum L.,Alliaceae,2006-08-11 00:00:00 UTC,2015-04-13 21:45:45 UTC
788,Seasonings,Herbs,"German camomile, dried","Camomille sauvage, séchée",Matricaria chamomilla L.,Asteraceae,2007-11-01 00:00:00 UTC,2015-04-13 21:45:49 UTC
741,Seasonings,Herbs,"Hyssop, dried","Hysope officinale, séchée",Hyssopus officinalis L.,Lamiaceae,2007-10-16 00:00:00 UTC,2015-04-13 21:45:48 UTC
777,Seasonings,Herbs,"Hyssop, fresh","Hysope officinale, fraîche",Hyssopus officinalis L.,Lamiaceae,2007-10-22 00:00:00 UTC,2015-04-13 21:45:49 UTC
753,Seasonings,Herbs,"Italian oregano, fresh","Origan de Majorque, frais",Origanum x majoricum,Lamiaceae,2007-10-17 00:00:00 UTC,2015-04-13 21:45:48 UTC
733,Seasonings,Herbs,"Lemon balm, dried","Citronelle, séchée",Melissa officinalis L.,Lamiaceae,2007-10-16 00:00:00 UTC,2015-04-13 21:45:48 UTC
730,Seasonings,Herbs,"Lemon balm, fresh","Citronelle, fraîche",Melissa officinalis L.,Lamiaceae,2007-10-16 00:00:00 UTC,2015-04-13 21:45:48 UTC
745,Seasonings,Herbs,"Lemon grass, fresh","Citronelle de l'Inde, fraîche",Cymbopogon citratus,Poaceae,2007-10-16 00:00:00 UTC,2015-04-13 21:45:48 UTC
754,Seasonings,Herbs,"Lemon thyme, fresh","Thym citron, frais",Thymus pulegioides L.,Lamiaceae,2007-10-17 00:00:00 UTC,2015-04-13 21:45:48 UTC
787,Seasonings,Herbs,"Lemon verbena, dried","Verveine odorante, séchée",Lippia tryphilla Kuntze,Verbenaceae,2007-10-22 00:00:00 UTC,2015-04-13 21:45:49 UTC
746,Seasonings,Herbs,"Lemon verbena, fresh","Verveine odorante, fraîche",Lippia tryphilla Kuntze,Verbenaceae,2007-10-16 00:00:00 UTC,2015-04-13 21:45:48 UTC
751,Seasonings,Herbs,"Lovage, fresh","Ache des montagnes, fraîche",Levisticum officinale,Apiaceae,2007-10-17 00:00:00 UTC,2015-04-13 21:45:48 UTC
742,Seasonings,Herbs,"Marjoram, dried","Marjolaine, séchée",Origanum marjorana L.,Lamiaceae,2007-10-16 00:00:00 UTC,2015-04-13 21:45:48 UTC
778,Seasonings,Herbs,"Marjoram, fresh","Marjolaine, fraîche",Origanum marjorana L.,Lamiaceae,2007-10-22 00:00:00 UTC,2015-04-13 21:45:49 UTC
796,Seasonings,Herbs,"Mexican oregano, dried","Origan Américain, séché",Lippia graveolens H.B.K.,Verbenaceae,2007-11-01 00:00:00 UTC,2015-04-13 21:45:49 UTC
752,Seasonings,Herbs,"Orange mint, fresh","Menthe aquatique, fraîche",Mentha aquatica,Lamiaceae,2007-10-17 00:00:00 UTC,2015-04-13 21:45:48 UTC
731,Seasonings,Herbs,"Oregano, dried (wild marjoram)","Origan, séché",Origanum vulgare L.,Lamiaceae,2007-10-16 00:00:00 UTC,2015-04-13 21:45:48 UTC
728,Seasonings,Herbs,"Oregano, fresh (wild marjoram)","Origan, frais",Origanum vulgare L.,Lamiaceae,2007-10-16 00:00:00 UTC,2015-04-13 21:45:48 UTC
465,Seasonings,Herbs,"Parsley, dried","Persil, séché",Petroselinum crispum Mill.,Apiaceae,2006-09-14 00:00:00 UTC,2015-04-13 21:45:46 UTC
755,Seasonings,Herbs,"Parsley, fresh","Persil, frais",Petroselinum crispum Mill.,Apiaceae,2007-10-17 00:00:00 UTC,2015-04-13 21:45:48 UTC
732,Seasonings,Herbs,"Peppermint, dried","Menthe poivrée, séchée",Mentha piperita var piperita L.,Lamiaceae,2007-10-16 00:00:00 UTC,2015-04-13 21:45:48 UTC
729,Seasonings,Herbs,"Peppermint, fresh","Menthe poivrée, fraîche",Mentha piperita var piperita L.,Lamiaceae,2007-10-16 00:00:00 UTC,2015-04-13 21:45:48 UTC
756,Seasonings,Herbs,"Pineapple sage, fresh","Sauge ananas, fraîche",Salvia elegans Vahl.,Lamiaceae,2007-10-17 00:00:00 UTC,2015-04-13 21:45:48 UTC
737,Seasonings,Herbs,"Pot marjoram, dried","Marjolaine potagère, séchée",Origanum onites L.,Lamiaceae,2007-10-16 00:00:00 UTC,2015-04-13 21:45:48 UTC
453,Seasonings,Herbs,"Purslane, fresh","Pourpier, frais",Portulaca olearacea L.,Portulaceae,2006-09-13 00:00:00 UTC,2015-04-13 21:45:46 UTC
850,Seasonings,Herbs,"Roman camomile, dried","Camomille romaine, séchée",Chamaemelum nobile L.,Asteraceae,2007-12-10 00:00:00 UTC,2015-04-13 21:45:49 UTC
744,Seasonings,Herbs,"Rosemary, dried","Romarin, séché",Rosmarinus officinalis L.,Lamiaceae,2007-10-16 00:00:00 UTC,2015-04-13 21:45:48 UTC
734,Seasonings,Herbs,"Rosemary, fresh","Romarin, frais",Rosmarinus officinalis L.,Lamiaceae,2007-10-16 00:00:00 UTC,2015-04-13 21:45:48 UTC
789,Seasonings,Herbs,"Silver linden, dried","Tilleul argenté, séché",Tilia argentea,Tiliaceae,2007-11-01 00:00:00 UTC,2015-04-13 21:45:49 UTC
794,Seasonings,Herbs,"Sorrel, dried","Oseille, séchée",Rumex acetosa L.,Polygonaceae,2007-11-01 00:00:00 UTC,2015-04-13 21:45:49 UTC
764,Seasonings,Herbs,"Spearmint, dried","Menthe douce, séchée",Mentha spicata L.,Lamiaceae,2007-10-17 00:00:00 UTC,2015-04-13 21:45:48 UTC
757,Seasonings,Herbs,"Spearmint, fresh","Menthe douce, fraîche",Mentha spicata L.,Lamiaceae,2007-10-17 00:00:00 UTC,2015-04-13 21:45:48 UTC
738,Seasonings,Herbs,"Summer savory, dried","Sariette des jardins, séchée",Satureja hortensis L.,Lamiaceae,2007-10-16 00:00:00 UTC,2015-04-13 21:45:48 UTC
776,Seasonings,Herbs,"Summer savory, fresh","Sariette des jardins, fraîche",Satureja hortensis L.,Lamiaceae,2007-10-22 00:00:00 UTC,2015-04-13 21:45:49 UTC
740,Seasonings,Herbs,"Sweet basil, dried","Basilic, séché",Ocimum basilicum L.,Lamiaceae,2007-10-16 00:00:00 UTC,2015-04-13 21:45:48 UTC
759,Seasonings,Herbs,"Sweet basil, fresh","Basilic, frais",Ocimum basilicum L.,Lamiaceae,2007-10-17 00:00:00 UTC,2015-04-13 21:45:48 UTC
839,Seasonings,Herbs,"Sweet bay, dried","Laurier-sauce, sec",Laurus nobilis L.,Lauraceae,2007-11-30 00:00:00 UTC,2015-04-13 21:45:49 UTC
758,Seasonings,Herbs,"Sweet bay, fresh","Laurier-sauce, frais",Laurus nobilis L.,Lauraceae,2007-10-17 00:00:00 UTC,2015-04-13 21:45:48 UTC
774,Seasonings,Herbs,"Tarragon, fresh","Estragon, frais",Artemisia dranunculus,Asteraceae,2007-10-22 00:00:00 UTC,2015-04-13 21:45:49 UTC
466,Seasonings,Herbs,"Watercress, fresh","Cresson d'eau, frais",Nasturtium officinale,Brassicaceae,2006-09-14 00:00:00 UTC,2015-04-13 21:45:46 UTC
477,Seasonings,Herbs,"Welsh onion, fresh","Ciboule, fraîche",Allium fistulosum L.,Alliaceae,2006-09-20 00:00:00 UTC,2015-04-13 21:45:46 UTC
451,Seasonings,Herbs,"Wild turnip tops, fresh","Navette, fraîche",Brassica rapa var. campestris,Brassicaceae,2006-09-13 00:00:00 UTC,2015-04-13 21:45:46 UTC
739,Seasonings,Herbs,"Winter savory, dried","Sariette des montagnes, séchée",Satureja montana L.,Lamiaceae,2007-10-16 00:00:00 UTC,2015-04-13 21:45:48 UTC
760,Seasonings,Herbs,"Winter savory, fresh","Sariette des montagnes, fraîche",Satureja montana L.,Lamiaceae,2007-10-17 00:00:00 UTC,2015-04-13 21:45:48 UTC
941,Seasonings,Other seasonings,Soy sauce,Sauce de soja,"","",2009-06-04 15:01:53 UTC,2015-04-13 21:45:50 UTC
140,Seasonings,Other seasonings,Vinegar,Vinaigre,"","",2005-09-07 00:00:00 UTC,2015-04-13 21:45:43 UTC
786,Seasonings,Spices,Capers,Capres,Capparis spinosa L.,Capparaceae,2007-10-22 00:00:00 UTC,2015-04-13 21:45:49 UTC
804,Seasonings,Spices,Caraway,Carvi,Carum carvi L.,Apiaceae,2007-11-07 00:00:00 UTC,2015-04-13 21:45:49 UTC
780,Seasonings,Spices,Cardamom,Cardamome,Elettaria cardamomum L.,Zingiberaceae,2007-10-22 00:00:00 UTC,2015-04-13 21:45:49 UTC
807,Seasonings,Spices,Celery seed,"Celeri, graine",Apium graveolens L.,Apiaceae,2007-11-07 00:00:00 UTC,2015-04-13 21:45:49 UTC
830,Seasonings,Spices,Ceylan cinnamon,Cannelle de Ceylan,Cinnamomum versum J. S. Presl.,Lauraceae,2007-11-23 00:00:00 UTC,2015-04-13 21:45:49 UTC
879,Seasonings,Spices,Chinese cinnamon,Cannelle de Chine,Cinnamomum cassia Presl.,Lauraceae,2007-12-17 00:00:00 UTC,2015-04-13 21:45:49 UTC
797,Seasonings,Spices,Cloves,Clous de girofle,Syzygium aromaticum,Myrtaceae,2007-11-02 00:00:00 UTC,2015-04-13 21:45:49 UTC
490,Seasonings,Spices,Coriander seed,Coriandre,Coriandrum sativum L.,Apiaceae,2006-09-26 00:00:00 UTC,2015-04-13 21:45:46 UTC
779,Seasonings,Spices,Cumin,Cumin,Cuminum cyminum L.,Apiaceae,2007-10-22 00:00:00 UTC,2015-04-13 21:45:49 UTC
769,Seasonings,Spices,Fenugreek seed,"Fenugrec, graine",Trigonella foenum-graecum L.,Fabaceae,2007-10-22 00:00:00 UTC,2015-04-13 21:45:49 UTC
785,Seasonings,Spices,"Ginger, dried","Gingembre, séché",Zingiber P. Mill,Zingiberaceae,2007-10-22 00:00:00 UTC,2015-04-13 21:45:49 UTC
775,Seasonings,Spices,"Ginger, fresh","Gingembre, frais",Zingiber P. Mill,Zingiberaceae,2007-10-22 00:00:00 UTC,2015-04-13 21:45:49 UTC
793,Seasonings,Spices,"Horseradish, dried","Raifort, sec",Armoracia rusticana,Brassicaceae,2007-11-01 00:00:00 UTC,2015-04-13 21:45:49 UTC
845,Seasonings,Spices,"Horseradish, fresh","Raifort, frais",Armoracia rusticana,Brassicaceae,2007-12-05 00:00:00 UTC,2015-04-13 21:45:49 UTC
831,Seasonings,Spices,Nutmeg,Muscade,Myristica fragans Houtt.,Myristicaceae,2007-11-23 00:00:00 UTC,2015-04-13 21:45:49 UTC
832,Seasonings,Spices,Nutmeg [Mace],"Muscade ""Mace""",Myristica fragans Houtt.,Myristicaceae,2007-11-23 00:00:00 UTC,2015-04-13 21:45:49 UTC
798,Seasonings,Spices,Pepper spice [Black],Poivre [Noir],Piper nigrum L.,Piperaceae,2007-11-05 09:45:36 UTC,2015-04-13 21:45:49 UTC
838,Seasonings,Spices,Pepper spice [Green],Poivre [Vert],Piper nigrum L.,Piperaceae,2007-11-26 00:00:00 UTC,2015-04-13 21:45:49 UTC
837,Seasonings,Spices,Pepper spice [White],Poivre [Blanc],Piper nigrum L.,Piperaceae,2007-11-26 00:00:00 UTC,2015-04-13 21:45:49 UTC
805,Seasonings,Spices,Saffron,Safran,Crocus sativus L.,Iridaceae,2007-11-07 00:00:00 UTC,2015-04-13 21:45:49 UTC
835,Seasonings,Spices,Star anise,Badiane chinoise,Illicium verum Hook. f.,Illiciaceae,2007-11-26 00:00:00 UTC,2015-04-13 21:45:49 UTC
799,Seasonings,Spices,"Turmeric, dried","Curcuma, séché",Curcuma longa L.,Zingiberaceae,2007-11-05 00:00:00 UTC,2015-04-13 21:45:49 UTC
834,Seasonings,Spices - Spice blends,"Curry, powder","Curry, poudre",Murraya koenigii L.,"",2007-11-26 00:00:00 UTC,2015-04-13 21:45:49 UTC
712,Seeds,Nuts,Almond,Amande,Prunus dulcis,Rosaceae,2007-09-26 00:00:00 UTC,2015-04-13 21:45:48 UTC
722,Seeds,Nuts,"Almond, dehulled","Amande, émondée",Prunus dulcis,Rosaceae,2007-10-02 00:00:00 UTC,2015-04-13 21:45:48 UTC
708,Seeds,Nuts,Brazil nut,Noix du Bresil,Bertholletia excelsia,Lecythidaceae,2007-09-26 00:00:00 UTC,2015-04-13 21:45:48 UTC
709,Seeds,Nuts,"Cashew nut, raw",Noix de cajou,Anacardium occidentale L.,Anacardiaceae,2007-09-26 00:00:00 UTC,2015-04-13 21:45:48 UTC
467,Seeds,Nuts,"Chestnut, raw","Châtaigne, crue",Castanea P. Mill,Fagaceae,2006-09-14 00:00:00 UTC,2015-04-13 21:45:46 UTC
710,Seeds,Nuts,"Hazelnut, raw","Noisette, crue",Corylus L.,Betulaceae,2007-09-26 00:00:00 UTC,2015-04-13 21:45:48 UTC
727,Seeds,Nuts,Japanese walnut,Noix du Japon,Juglans ailanthifolia Carr.,Juglandaceae,2007-10-05 00:00:00 UTC,2015-04-13 21:45:48 UTC
723,Seeds,Nuts,Macadamia nut,Noix de Macadamia,Macadamia intergrifolia/tetraphylla,Proteaceae,2007-10-02 00:00:00 UTC,2015-04-13 21:45:48 UTC
475,Seeds,Nuts,Peanut,Cacahuète,Arachis hypogaea L.,Fabaceae,2006-09-19 00:00:00 UTC,2015-04-13 21:45:46 UTC
716,Seeds,Nuts,"Peanut, dehulled","Cacahuète, émondée",Arachis hypogaea L.,Fabaceae,2007-09-27 00:00:00 UTC,2015-04-13 21:45:48 UTC
717,Seeds,Nuts,"Peanut, dehulled, roasted","Cacahuète, torréfiée, émondée",Arachis hypogaea L.,Fabaceae,2007-09-27 00:00:00 UTC,2015-04-13 21:45:48 UTC
713,Seeds,Nuts,"Peanut, roasted","Cacahuète, torréfiée",Arachis hypogaea L.,Fabaceae,2007-09-26 00:00:00 UTC,2015-04-13 21:45:48 UTC
707,Seeds,Nuts,Pecan nut,Noix de Pecan,Caryna illinoinensis,Juglandaceae,2007-09-26 00:00:00 UTC,2015-04-13 21:45:48 UTC
724,Seeds,Nuts,Pines,Pin,Pinus L.,Pinaceae,2007-10-02 00:00:00 UTC,2015-04-13 21:45:48 UTC
711,Seeds,Nuts,Pistachio,Pistache,Pistacia vera L.,Anacardiaceae,2007-09-26 00:00:00 UTC,2015-04-13 21:45:48 UTC
721,Seeds,Nuts,"Pistachio, dehulled","Pistache, émondée",Pistacia vera L.,Anacardiaceae,2007-10-02 00:00:00 UTC,2015-04-13 21:45:48 UTC
184,Seeds,Nuts,Walnut,Noix,Juglans regia L.,Juglandaceae,2005-09-29 15:33:11 UTC,2015-04-13 21:45:44 UTC
719,Seeds,Nuts,"Walnut, dehulled","Noix, émondée",Juglans regia L.,Juglandaceae,2007-09-28 00:00:00 UTC,2015-04-13 21:45:48 UTC
809,Seeds,Other seeds,"Flaxseed, meal","Graine de lin, farine",Linum usitatissimum L.,Linaceae,2007-11-13 15:49:06 UTC,2015-04-13 21:45:49 UTC
815,Seeds,Other seeds,"Poppy seed, meal","Graine de pavot, farine",Papaver  L.,Papaveraceae,2007-11-19 16:21:34 UTC,2015-04-13 21:45:49 UTC
847,Seeds,Other seeds,"Sesame seed, meal","Graine de sésame, farine",Sesamum indicum L.,Pedaliaceae,2007-11-19 16:21:34 UTC,2015-04-13 21:45:49 UTC
812,Seeds,Other seeds,"Sunflower seed, meal","Graine de tournesol, farine",Helianthus annuus L.,Asteraceae,2007-11-14 13:48:53 UTC,2015-04-13 21:45:49 UTC
544,Seeds,Pulses - Beans - Common bean,"Common bean [Black], dehulled, raw","Haricot commun [Noir], émondé, cru",Phaseolus vulgaris L.,Fabaceae,2007-03-26 00:00:00 UTC,2015-04-13 21:45:47 UTC
542,Seeds,Pulses - Beans - Common bean,"Common bean [Black], whole, raw","Haricot commun [Noir], entier, cru",Phaseolus vulgaris L.,Fabaceae,2007-03-26 00:00:00 UTC,2015-04-13 21:45:47 UTC
583,Seeds,Pulses - Beans - Common bean,"Common bean [Others], dehulled, raw","Haricot commun [Autres], émondé, cru",Phaseolus vulgaris L.,Fabaceae,2007-06-12 00:00:00 UTC,2015-04-13 21:45:47 UTC
585,Seeds,Pulses - Beans - Common bean,"Common bean [Others], whole, raw","Haricot commun [Autres], entier, cru",Phaseolus vulgaris L.,Fabaceae,2007-06-12 00:00:00 UTC,2015-04-13 21:45:47 UTC
545,Seeds,Pulses - Beans - Common bean,"Common bean [White], dehulled, raw","Haricot commun [White], émondé, cru",Phaseolus vulgaris L.,Fabaceae,2007-03-26 00:00:00 UTC,2015-04-13 21:45:47 UTC
543,Seeds,Pulses - Beans - Common bean,"Common bean [White], whole, raw","Haricot commun [White], entier, cru",Phaseolus vulgaris L.,Fabaceae,2007-03-26 00:00:00 UTC,2015-04-13 21:45:47 UTC
563,Seeds,Pulses - Beans - Other  beans,"Adzuki bean, whole, raw","Haricot rouge du Japon, entier, cru",Vigna angularis,Fabaceae,2007-04-10 00:00:00 UTC,2015-04-13 21:45:47 UTC
573,Seeds,Pulses - Beans - Other  beans,"Broad bean seed, dehulled, raw","Fèves, émondées, crues",Vicia faba L.,Fabaceae,2007-05-29 00:00:00 UTC,2015-04-13 21:45:47 UTC
564,Seeds,Pulses - Beans - Other  beans,"Broad bean seed, whole, raw","Fèves, entières, crues",Vicia faba L.,Fabaceae,2007-04-10 00:00:00 UTC,2015-04-13 21:45:47 UTC
602,Seeds,Pulses - Beans - Other  beans,"Climbing bean, whole, raw","Haricot riz, entier, cru",Vigna umbellata,Fabaceae,2007-06-27 00:00:00 UTC,2015-04-13 21:45:47 UTC
576,Seeds,Pulses - Beans - Other  beans,"Lima bean, dehulled, raw","Haricot de Lima, émondé, cru",Phaseolus lunatus var. linatus,Fabaceae,2007-05-29 00:00:00 UTC,2015-04-13 21:45:47 UTC
669,Seeds,Pulses - Beans - Other  beans,"Lima bean, whole, raw","Haricot de Lima, entier, cru",Phaseolus lunatus var. linatus,Fabaceae,2007-07-31 00:00:00 UTC,2015-04-13 21:45:48 UTC
571,Seeds,Pulses - Beans - Other  beans,"Mung bean, dehulled, raw","Haricot mungo, émondé, cru",Vigna radiata L.,Fabaceae,2007-05-29 00:00:00 UTC,2015-04-13 21:45:47 UTC
580,Seeds,Pulses - Beans - Other  beans,"Mung bean, whole, raw","Haricot mungo, entier, cru",Vigna radiata L.,Fabaceae,2007-06-05 00:00:00 UTC,2015-04-13 21:45:47 UTC
566,Seeds,Pulses - Lentils,"Lentils, dehulled, raw","Lentilles, émondées, crues",Lens culinaris,Fabaceae,2007-05-15 00:00:00 UTC,2015-04-13 21:45:47 UTC
470,Seeds,Pulses - Lentils,"Lentils, whole, raw","Lentilles, entières, crues",Lens culinaris,Fabaceae,2006-09-14 00:00:00 UTC,2015-04-13 21:45:46 UTC
578,Seeds,Pulses - Peas,"Chickpea, dehulled, raw","Pois chiche, émondé, cru",Cicer arietinum ssp. Arietinum,Fabaceae,2007-05-29 00:00:00 UTC,2015-04-13 21:45:47 UTC
581,Seeds,Pulses - Peas,"Chickpea, whole, raw","Pois chiche, entier, cru",Cicer arietinum ssp. Arietinum,Fabaceae,2007-06-11 00:00:00 UTC,2015-04-13 21:45:47 UTC
577,Seeds,Pulses - Peas,"Cowpea, dehulled, raw","Pois, émondé, cru",Vigna unguiculata spp.,Fabaceae,2007-05-29 00:00:00 UTC,2015-04-13 21:45:47 UTC
561,Seeds,Pulses - Peas,"Cowpea, whole, raw","Pois, entier, cru",Vigna unguiculata spp.,Fabaceae,2007-04-10 00:00:00 UTC,2015-04-13 21:45:47 UTC
572,Seeds,Pulses - Peas,"Dried pea, dehulled, raw","Pois cassé, émondé, cru",Pisum sativum L.,Fabaceae,2007-05-29 00:00:00 UTC,2015-04-13 21:45:47 UTC
650,Seeds,Pulses - Peas,"Dried pea, whole, raw","Pois cassé, entier, cru",Pisum sativum L.,Fabaceae,2007-07-12 00:00:00 UTC,2015-04-13 21:45:47 UTC
569,Seeds,Pulses - Peas,"Grass pea, whole, raw","Pois carré, entier, cru",Lathyrus sativus L.,Fabaceae,2007-05-21 00:00:00 UTC,2015-04-13 21:45:47 UTC
574,Seeds,Pulses - Peas,"Pigeon pea, dehulled, raw","Pois cajan, émondé, cru",Cajanus cajan L.,Fabaceae,2007-05-29 00:00:00 UTC,2015-04-13 21:45:47 UTC
568,Seeds,Pulses - Peas,"Pigeon pea, whole, raw","Pois cajan, entier, cru",Cajanus cajan L.,Fabaceae,2007-05-15 00:00:00 UTC,2015-04-13 21:45:47 UTC
945,Seeds,Soy and soy products,"Soy paste, cheonggukang","Pâte de soja, cheonggukang","","",2009-05-19 11:31:25 UTC,2015-04-13 21:45:50 UTC
944,Seeds,Soy and soy products,"Soy paste, doenjang","Pâte de soja, doenjang","","",2009-05-19 11:31:25 UTC,2015-04-13 21:45:50 UTC
942,Seeds,Soy and soy products,"Soy paste, miso","Pâte de soja, miso","","",2009-05-19 11:31:25 UTC,2015-04-13 21:45:50 UTC
943,Seeds,Soy and soy products,"Soy paste, nato","Pâte de soja, nato","","",2009-05-19 11:31:25 UTC,2015-04-13 21:45:50 UTC
961,Seeds,Soy and soy products,"Soy, bacon bits","Soja, bacon bits","","",2006-09-15 00:00:00 UTC,2015-04-13 21:45:50 UTC
954,Seeds,Soy and soy products,"Soy, burger, raw","Soja, burger, cru","","",2009-07-08 11:04:50 UTC,2015-04-13 21:45:50 UTC
962,Seeds,Soy and soy products,"Soy, cheese","Soja, fromage","","",2006-09-15 00:00:00 UTC,2015-04-13 21:45:50 UTC
949,Seeds,Soy and soy products,"Soy, defatted flour","Soja, farine, dégraissée","","",2009-06-12 10:20:47 UTC,2015-04-13 21:45:50 UTC
955,Seeds,Soy and soy products,"Soy, flakes","Soja, pétales","","",2009-07-08 11:04:50 UTC,2015-04-13 21:45:50 UTC
947,Seeds,Soy and soy products,"Soy, flour","Soja, farine","","",2009-05-19 11:31:25 UTC,2015-04-13 21:45:50 UTC
939,Seeds,Soy and soy products,"Soy, meat","Soja, viande","","",2009-05-19 11:31:25 UTC,2015-04-13 21:45:50 UTC
950,Seeds,Soy and soy products,"Soy, milk powder","Jus de soja, poudre","","",2009-06-17 12:28:33 UTC,2015-04-13 21:45:50 UTC
957,Seeds,Soy and soy products,"Soy, pudding","Soja, pudding","","",2009-07-08 11:04:50 UTC,2015-04-13 21:45:50 UTC
951,Seeds,Soy and soy products,"Soy, sausage","Soja, saucisse","","",2009-07-08 11:04:50 UTC,2015-04-13 21:45:50 UTC
952,Seeds,Soy and soy products,"Soy, tempe","Soja, tempe","","",2009-07-08 11:04:50 UTC,2015-04-13 21:45:50 UTC
826,Seeds,Soy and soy products,"Soy, tofu","Soja, tofu","","",2007-11-20 11:24:20 UTC,2015-04-13 21:45:49 UTC
963,Seeds,Soy and soy products,"Soy, tofu, fermented","Soja, tofu, fermenté","","",2006-09-15 00:00:00 UTC,2015-04-13 21:45:50 UTC
959,Seeds,Soy and soy products,"Soy, yogurt","Soja, yaourt","","",2009-07-08 11:04:50 UTC,2015-04-13 21:45:50 UTC
948,Seeds,Soy and soy products,"Soybean, edamame","Soja, edamame",Glycine Max L. Merr.,Fabaceae,2009-06-11 10:07:42 UTC,2015-04-13 21:45:50 UTC
953,Seeds,Soy and soy products,"Soybean, roasted","Soja, grillé",Glycine Max L. Merr.,Fabaceae,2009-07-08 11:04:50 UTC,2015-04-13 21:45:50 UTC
472,Seeds,Soy and soy products,"Soybean, sprout, raw","Soja, germes, crus",Glycine Max L. Merr.,Fabaceae,2006-09-15 00:00:00 UTC,2015-04-13 21:45:46 UTC
362,Vegetables,Cabbages,"Black cabbage, raw","Chou fourrager, cru",Brassica oleracea var. viridis L.,Brassicaceae,2006-08-17 00:00:00 UTC,2015-04-13 21:45:45 UTC
263,Vegetables,Cabbages,"Broccoli, raw","Brocoli, cru",Brassica oleracea var. italica,Brassicaceae,2006-06-27 11:31:30 UTC,2015-04-13 21:45:44 UTC
333,Vegetables,Cabbages,"Brussel sprouts, raw","Chou de Bruxelles, cru",Brassica oleracea. var. gemmifera L.,Brassicaceae,2006-08-11 00:00:00 UTC,2015-04-13 21:45:45 UTC
264,Vegetables,Cabbages,"Cauliflower, raw","Chou-fleur, cru",Brassica oleracea var. botrytis L.,Brassicaceae,2006-06-27 11:31:30 UTC,2015-04-13 21:45:44 UTC
363,Vegetables,Cabbages,"Collards, raw","Collards, cru",Brassica oleracea var. viridis L.,Brassicaceae,2006-08-21 00:00:00 UTC,2015-04-13 21:45:45 UTC
282,Vegetables,Cabbages,"Common cabbage [Green], raw","Chou [Vert], cru",Brassica oleracea var. capitata L.,Brassicaceae,2006-07-12 00:00:00 UTC,2015-04-13 21:45:44 UTC
271,Vegetables,Cabbages,"Common cabbage [Purple], raw","Chou [Violet], cru",Brassica oleracea var. capitata L.,Brassicaceae,2006-06-27 11:31:30 UTC,2015-04-13 21:45:44 UTC
283,Vegetables,Cabbages,"Common cabbage [Red], raw","Chou [Rouge], cru",Brassica oleracea var. capitata L.,Brassicaceae,2006-07-12 00:00:00 UTC,2015-04-13 21:45:44 UTC
265,Vegetables,Cabbages,"Common cabbage [White], raw","Chou [Blanc], cru",Brassica oleracea var. capitata L.,Brassicaceae,2006-06-27 11:31:30 UTC,2015-04-13 21:45:44 UTC
491,Vegetables,Cabbages,"Italian cabbage, raw","Chou d'Italie, cru",Brassica oleracea var. sabauda L.??,Brassicaceae,2006-09-27 00:00:00 UTC,2015-04-13 21:45:46 UTC
273,Vegetables,Cabbages,"Kai-lan, raw","Brocoli chinois, cru",Brassica oleracea var. alboglabra L.,Brassicaceae,2006-06-27 11:31:30 UTC,2015-04-13 21:45:44 UTC
287,Vegetables,Cabbages,"Kale [Curly], raw","Chou frisé, cru",Brassica oleracea var. viridis L.,Brassicaceae,2006-07-12 00:00:00 UTC,2015-04-13 21:45:44 UTC
276,Vegetables,Cabbages,"Kale, raw","Chou frisé, cru",Brassica oleracea var. viridis L.,Brassicaceae,2006-06-27 11:31:30 UTC,2015-04-13 21:45:44 UTC
291,Vegetables,Cabbages,"Mustard cabbage, raw","Moutarde de Chine, crue",Brassica juncea var. rugosa,Brassicaceae,2006-07-13 00:00:00 UTC,2015-04-13 21:45:44 UTC
461,Vegetables,Cabbages,"Oxheart cabbage, raw","Chou conique, cru",Brassica oleracea var. conica L.,Brassicaceae,2006-09-14 00:00:00 UTC,2015-04-13 21:45:46 UTC
285,Vegetables,Cabbages,Sauerkraut,Choucroute,Brassica oleracea var. capitata L.,Brassicaceae,2006-07-12 00:00:00 UTC,2015-04-13 21:45:44 UTC
284,Vegetables,Cabbages,"Savoy cabbage, raw","Chou de Milan, cru",Brassica oleracea var. sabauda L.,Brassicaceae,2006-07-12 00:00:00 UTC,2015-04-13 21:45:44 UTC
323,Vegetables,Cabbages - Chinese cabbages,"Napa cabbage, raw","Chou de Pékin, cru",Brassica rapa ssp. Pekinensis,Brassicaceae,2006-08-10 00:00:00 UTC,2015-04-13 21:45:45 UTC
322,Vegetables,Cabbages - Chinese cabbages,"Pak choy, raw","Chou de Chine, cru",Brassica rapa var. chinensis,Brassicaceae,2006-08-10 00:00:00 UTC,2015-04-13 21:45:45 UTC
154,Vegetables,Fruit vegetables,"Avocado, raw","Avocat, cru",Persea americana Mill.,Lauraceae,2005-09-28 00:00:00 UTC,2015-04-13 21:45:43 UTC
360,Vegetables,Fruit vegetables,"Chilli pepper [Green], raw","Piment [Vert], cru",Capsicum annuum L.,Solanaceae,2006-08-17 00:00:00 UTC,2015-04-13 21:45:45 UTC
361,Vegetables,Fruit vegetables,"Chilli pepper [Red], raw","Piment [Rouge], cru",Capsicum annuum L.,Solanaceae,2006-08-17 00:00:00 UTC,2015-04-13 21:45:45 UTC
540,Vegetables,Fruit vegetables,"Chilli pepper [Yellow], raw","Piment [Jaune], cru",Capsicum annuum L.,Solanaceae,2007-03-23 00:00:00 UTC,2015-04-13 21:45:47 UTC
359,Vegetables,Fruit vegetables,"Eggplant [Purple], whole, raw","Aubergine [Violette], entière, crue",Solanum melongena L.,Solanaceae,2006-08-17 00:00:00 UTC,2015-04-13 21:45:45 UTC
750,Vegetables,Fruit vegetables,"Olive [Black], raw","Olive [Noire], crue",Olea europaea L.,Oleaceae,2007-10-16 17:04:17 UTC,2015-04-13 21:45:48 UTC
749,Vegetables,Fruit vegetables,"Olive [Green], raw","Olive [Verte], crue",Olea europaea L.,Oleaceae,2007-10-16 17:04:17 UTC,2015-04-13 21:45:48 UTC
701,Vegetables,Fruit vegetables,"Sweet pepper [Green], raw","Poivron [Vert], cru",Capsicum annuum L.,Solanaceae,2007-08-22 00:00:00 UTC,2015-04-13 21:45:48 UTC
702,Vegetables,Fruit vegetables,"Sweet pepper [Red], raw","Poivron [Rouge], cru",Capsicum annuum L.,Solanaceae,2007-08-22 00:00:00 UTC,2015-04-13 21:45:48 UTC
703,Vegetables,Fruit vegetables,"Sweet pepper [Yellow], raw","Poivron [Jaune], cru",Capsicum annuum L.,Solanaceae,2007-08-22 00:00:00 UTC,2015-04-13 21:45:48 UTC
260,Vegetables,Fruit vegetables,"Tomato [Cherry], whole, raw","Tomate [Cerise], entière, crue",Lycopersicon esculentum var. cerasiforme Alef.,Solanaceae,2006-06-26 10:03:19 UTC,2015-04-13 21:45:44 UTC
258,Vegetables,Fruit vegetables,"Tomato, whole, raw","Tomate, entière, crue",Lycopersicon esculentum Mill.,Solanaceae,2006-06-26 10:03:19 UTC,2015-04-13 21:45:44 UTC
270,Vegetables,Gourds,"Cucumber, raw","Concombre, cru",Cucumis sativus L.,Cucurbitaceae,2006-06-27 13:16:24 UTC,2015-04-13 21:45:44 UTC
183,Vegetables,Gourds,"Pumpkin, raw","Potiron, cru",Cucurbita maxima var. maxima,Cucurbitaceae,2005-09-29 00:00:00 UTC,2015-04-13 21:45:44 UTC
331,Vegetables,Gourds,"Squash, raw","Courge, crue",Cucurbita Pepo L.,Cucurbitaceae,2006-08-11 00:00:00 UTC,2015-04-13 21:45:45 UTC
502,Vegetables,Gourds,"Zucchini, raw","Courgette, crue",Cucurbita pepo L.,Cucurbitaceae,2006-11-03 00:00:00 UTC,2015-04-13 21:45:46 UTC
435,Vegetables,Leaf vegetables,"Arugula, raw","Roquette, crue",Eruca vesicaria ssp.sativa,Brassicaceae,2006-09-12 00:00:00 UTC,2015-04-13 21:45:46 UTC
500,Vegetables,Leaf vegetables,"Beet greens, raw","Feuilles de betterave, crues",Beta vulgaris var. vulgaris,Chenopodiaceae,2006-10-11 00:00:00 UTC,2015-04-13 21:45:46 UTC
310,Vegetables,Leaf vegetables,"Chicory [Green], raw","Endive [Verte], crue",Cichorium intybus L.,Asteraceae,2006-08-08 09:44:41 UTC,2015-04-13 21:45:45 UTC
309,Vegetables,Leaf vegetables,"Chicory [Red], raw","Endive [Rouge], crue",Cichorium intybus L.,Asteraceae,2006-08-08 09:44:41 UTC,2015-04-13 21:45:45 UTC
747,Vegetables,Leaf vegetables,"Dandelion, raw","Pissenlit commun, cru",Taraxacum officinale,Asteraceae,2007-10-16 00:00:00 UTC,2015-04-13 21:45:48 UTC
311,Vegetables,Leaf vegetables,"Endive [Curly], raw","Chicorée frisée, crue",Cichorium endivia L.,Asteraceae,2006-08-08 09:44:41 UTC,2015-04-13 21:45:45 UTC
312,Vegetables,Leaf vegetables,"Endive [Escarole], raw","Chicorée scarole, crue",Cichorium endivia L.,Asteraceae,2006-08-08 09:44:41 UTC,2015-04-13 21:45:45 UTC
773,Vegetables,Leaf vegetables,"Garden cress, raw","Cresson alénois, cru",Lepdium sativum,Brassicaceae,2007-10-22 00:00:00 UTC,2015-04-13 21:45:49 UTC
313,Vegetables,Leaf vegetables,"Lettuce [Green], raw","Laitue [Verte], crue",Lactuca sativa L.,Asteraceae,2006-08-08 00:00:00 UTC,2015-04-13 21:45:45 UTC
314,Vegetables,Leaf vegetables,"Lettuce [Red], raw","Laitue [Rouge], crue",Lactuca sativa L.,Asteraceae,2006-08-08 00:00:00 UTC,2015-04-13 21:45:45 UTC
272,Vegetables,Leaf vegetables,"Spinach, raw","Epinard, cru",Spinacia oleracea L.,Chenopodiaceae,2006-06-27 11:31:30 UTC,2015-04-13 21:45:44 UTC
319,Vegetables,Leaf vegetables,"Swiss chard leaves [Red], raw","Feuilles de bettes [Rouges], crues",Beta vulgaris var. flavescens,Chenopodiaceae,2006-08-10 00:00:00 UTC,2015-04-13 21:45:45 UTC
393,Vegetables,Leaf vegetables,"Swiss chard leaves [White], raw","Feuilles de bettes [Blanches], crues",Beta vulgaris var. flavescens,Chenopodiaceae,2006-08-29 00:00:00 UTC,2015-04-13 21:45:45 UTC
255,Vegetables,Onion-family vegetables,"Onion [Red], raw","Oignon [Rouge], cru",Allium cepa L. var. cepa,Alliaceae,2006-06-19 09:23:59 UTC,2015-04-13 21:45:44 UTC
256,Vegetables,Onion-family vegetables,"Onion [White], raw","Oignon [Blanc], cru",Allium cepa L. var. cepa,Alliaceae,2006-06-19 09:23:59 UTC,2015-04-13 21:45:44 UTC
257,Vegetables,Onion-family vegetables,"Onion [Yellow], raw","Oignon [Jaune], cru",Allium cepa L. var. cepa,Alliaceae,2006-06-19 09:23:59 UTC,2015-04-13 21:45:44 UTC
382,Vegetables,Onion-family vegetables,"Shallot [Pink], raw","Echalotte [Rose], crue",Allium cepa Aggregatum Group,Alliaceae,2006-08-29 00:00:00 UTC,2015-04-13 21:45:45 UTC
380,Vegetables,Onion-family vegetables,"Shallot, raw","Echalotte, crue",Allium cepa Aggregatum Group,Alliaceae,2006-08-29 00:00:00 UTC,2015-04-13 21:45:45 UTC
570,Vegetables,Pod vegetables,"Broad bean pod, raw","Fèves, crues",Vicia faba L.,Fabaceae,2007-05-21 00:00:00 UTC,2015-04-13 21:45:47 UTC
334,Vegetables,Pod vegetables,"Green bean, raw","Haricot vert, cru",Phaseolus vulgaris L.,Fabaceae,2006-08-11 00:00:00 UTC,2015-04-13 21:45:45 UTC
649,Vegetables,Pulse vegetables,"Fresh pea, raw","Petit pois, cru",Pisum sativum L.,Fabaceae,2007-07-12 00:00:00 UTC,2015-04-13 21:45:47 UTC
446,Vegetables,Pulse vegetables,"Sugar pea, raw","Pois gousse, cru",Pisum sativum ssp. Sativum,Fabaceae,2006-09-12 00:00:00 UTC,2015-04-13 21:45:46 UTC
507,Vegetables,Root vegetables,"Burdock root, raw","Grande bardane, crue",Arctium lappa var. lappa,Asteraceae,2006-11-07 00:00:00 UTC,2015-04-13 21:45:46 UTC
269,Vegetables,Root vegetables,"Carrot, raw","Carotte, crue",Daucus carota sp. Sativus,Apiaceae,2006-06-27 00:00:00 UTC,2015-04-13 21:45:44 UTC
351,Vegetables,Root vegetables,"Celeriac, raw","Celeri rave, cru",Apium graveolens L. var. rapaceum,Apiaceae,2006-08-17 00:00:00 UTC,2015-04-13 21:45:45 UTC
352,Vegetables,Root vegetables,"Kohlrabi, raw","Chou rave, cru",Brassica oleracea L. var. gongylodes L.,Brassicaceae,2006-08-17 00:00:00 UTC,2015-04-13 21:45:45 UTC
350,Vegetables,Root vegetables,"Parsnip, raw","Panais, cru",Pastinaca sativa L.,Apiaceae,2006-08-17 00:00:00 UTC,2015-04-13 21:45:45 UTC
349,Vegetables,Root vegetables,"Radish [Black], raw","Radis [Noir], cru",Raphanus sativus var. niger L.,Brassicaceae,2006-08-17 00:00:00 UTC,2015-04-13 21:45:45 UTC
353,Vegetables,Root vegetables,"Radish, raw","Radis, cru",Raphanus sativus var. sativus L.,Brassicaceae,2006-08-17 00:00:00 UTC,2015-04-13 21:45:45 UTC
499,Vegetables,Root vegetables,"Red beetroot, raw","Betterave rouge, crue",Beta vulgaris var. Rubra L.,Chenopodiaceae,2006-10-11 00:00:00 UTC,2015-04-13 21:45:46 UTC
408,Vegetables,Root vegetables,"Swede, raw","Rutabaga, cru",Brassica napus ssp.napobrassica L.,Brassicaceae,2006-09-04 00:00:00 UTC,2015-04-13 21:45:45 UTC
471,Vegetables,Root vegetables,"Turnip root, raw","Navet, cru",Brassica rapa var. rapa,Brassicaceae,2006-09-15 00:00:00 UTC,2015-04-13 21:45:46 UTC
328,Vegetables,Shoot vegetables,"Asparagus, raw","Asperge, crue",Asparagus officinalis L.,Liliaceae,2006-08-11 00:00:00 UTC,2015-04-13 21:45:45 UTC
977,Vegetables,Shoot vegetables,Fennel,Fenouil,Foenicum Vulgare P. Mill,Apiaceae,2009-12-22 14:33:28 UTC,2015-04-13 21:45:50 UTC
368,Vegetables,Shoot vegetables,"Globe artichoke, heads, raw","Artichaut, cru",Cynara cardunculus var. scolymus L.,Asteraceae,2006-08-21 00:00:00 UTC,2015-04-13 21:45:45 UTC
407,Vegetables,Stalk vegetables,"Celery stalks, raw","Celeri branche, cru",Apium graveolens L. var. dulce,Apiaceae,2006-09-04 00:00:00 UTC,2015-04-13 21:45:45 UTC
320,Vegetables,Stalk vegetables,"Swiss chard stems [Red], raw","Feuilles de betteraves [Rouges], crues",Beta vulgaris var. flavescens,Chenopodiaceae,2006-08-10 00:00:00 UTC,2015-04-13 21:45:45 UTC
392,Vegetables,Stalk vegetables,"Swiss chard stems [White], raw","Feuilles de betteraves [Blanches], crues",Beta vulgaris var. flavescens,Chenopodiaceae,2006-08-29 00:00:00 UTC,2015-04-13 21:45:45 UTC
254,Vegetables,Tubers,"Potato, raw","Pomme de terre, crue",Solanum tuberosum L.,Solanaceae,2006-06-19 09:23:59 UTC,2015-04-13 21:45:44 UTC
332,Vegetables,Tubers,"Sweet potato, raw","Patate douce, crue",Ipomoea batatas L.,Convolvulaceae,2006-08-11 00:00:00 UTC,2015-04-13 21:45:45 UTC
