DataSrc_ID,Authors,Title,Year,Jounral,Vol,Issue,Start_Page,End_Page
P001,"Awika, J.M., Dykes, L., Gu, L., Rooney, L.W., and Prior, R.L.",Processing sorghum (Sorghum bicolor) and sorghum products alters procyanidin oligomer and polymer distribution and content,2003.0,J. Agric. Food Chem.,51.0,18.0,5516,5521
P002,"Baginsky, C., Peña-Neira, Á., Cáceres, A., Hernández, T., Estrella, I., Morales, H., and Pertuzé",Phenoloc compound composition in immature seeds of fava bean (Vicia faba L.) varieties cultivated in Chile,2013.0,J. Food Comp. Anal.,31.0,,1,6
P003," Baron, R., Mayen, M., Merida, J., and Medina, M.",Changes in phenolic compounds and browning during biological aging of sherry-type wine,1997.0,J. Agric. Food Chem.,45.0,5.0,1682,1685
P004,"Bartolome, B., Estrella, I., and Hernandez, T.",Changes in phenolic compounds in lentils (Lens culinaris) during germination and fermentation,1997.0,Z. Lebensm Unters Forsch A.,205.0,,290,294
P005,"Betes-Saura, C., Andres-Lacueva, C., and Lamuela-Raventos, R.M.",Phenolics in white free run juices and wines from Penedes by high-performance liquid chromatography: Changes during vinification,1996.0,J. Agric. Food Chem.,44.0,10.0,3040,3046
P006,"Bouayed, J., Dueber, H., Hoffman, L., and Bohn, T.",Bioaccessible and dialyzable polyphenols in selected apple varieties following in vitro gigestion vs. their native patterns,2012.0,Food Chem.,131.0,,1466,1472
P007,"Brownmiller, C., Howard, L.R., and Prior, R.L.",Processing and storage effects on procyanidin composition and concentration of processed blueberry products,2009.0,J. Agric. Food Chem.,57.0,,1896,1902
P008,"Burda, S., Oleszek, W., and Lee, C.Y.",Phenolic compounds and their changes in apples during maturation and cold storage,1990.0,J. Agric. Food Chem.,38.0,,945,948
P009,"Cáceras, A., Peña-Neira, Á., Galvez, A., Obreque-Slier, E., López-Solís, R., and Canals, J.M.",Phenolic composition of grapes and wines from cultivar Cabernet Sauvignon produced in Chile and their relationship to commercial value,2012.0,J. Agric. Food Chem.,60.0,,8694,8702
P010,"Ceymann, M., Arrigoni, E., Schärer, H., Bozzi, A., and Hurrell, R.F.",Identification of apples rich in health-promoting flava-3-ols and phenolic acids by measuring the polyphenol profile,2012.0,J. Food Comp. Anal.,26.0,,128,135
P011,"Cooper, K.A., Campos-Giménez, E., Alvarez, D.J., Rytz, A., Nagy, K., and Williamson, G.",Predictive relationship between polyphenol and nonfat cocoa solids content of chocolate,2008.0,J. Agric. Food Chem.,56.0,,260,265
P012,"de Freitas, V.A.P., Glories, Y., and Monique, A.",Developmental changes of procyanidins in grapes of red Vitis vinifera varieties and their composition in respective wines,2000.0,Am. J. Enol. Vitic.,51.0,4.0,397,403
P013,"de Freitas, V.A.P., Glories, Y.",Concentration and compositional changes of procyanidins in grape seeds and skin of white Vitis vinifera varieties,1999.0,J. Sci. Food Agric.,79.0,,1601,1606
P014,"de Pascual-Teresa, S., Santos-Buelga, C., and Rivas-Gonzalo, J.C.",Quantitative analysis of flavan-3-ols in Spanish foodstuffs and beverages,2000.0,J. Agric. Food Chem.,48.0,,5331,5337
P015,"Dragovic-Uzelac, V., Levaj, B., Mrkic, V., Bursac, D., and Boras, M.",The content of polyphenols and carotenoids in three apricot cultivars depending on stage of maturity and geographical region,2007.0,Food Chem.,102.0,,966,975
P016,"Fanzone, M., Peña-Neira, Á., Jofré, V., Assof, M., and Zamora, F.Phenolic characterization of  Malbec wines from Mendoza province (Argentina)",Phenolic characterization of  Malbec wines from Mendoza province (Argentina),2010.0,J. Agric. Food Chem.,58.0,,2388,2397
P017,"Fuleki, T. and Ricardo da Silva, J.M.",Effects of cultivar and processing method on the contents of catechins and procyanidins in grape juice,2003.0,J. Agric. Food Chem.,57.0,,640,646
P018,"Fuleki, T. and Ricardo da Silva, J.M.",Catechin and procyanidin composition of seeds from grape cultivars grown in Ontario,1997.0,J. Agric. Food Chem.,45.0,,1156,1160
P019,"Ghiselli, A., Nardini, M., Baldi, A., and Scaccini, C.",Antioxidant activity of different phenolic fractions separated from an Italian red wine,1998.0,J. Agric. Food Chem.,46.0,2.0,361,367
P020,"Gomez-Plaza, E., Gil-Munoz, R., Lopez-Roca, J.M., and Martinez, A.",Color and phenolic compounds of a young red wine as discriminating variables of its aging status,1999.0,Food Res. Internat.,32.0,,503,507
P021,"Grace, M.H., Massey, A.R., Mbeunkui, F., Yousef, G.G., and Lila, M.A.",Comparison of health-relevant flavonoids in commonly consumed cranberry products,2012.0,J. Food Sci.,77.0,,H176,H183
P022,"Gu, L., House, S.E., Wu, X., Ou, B., and Prior, R.L.",Procyanidin and catechin content and antioxidany capacity of cocoa and chocolate products,2006.0,J. Agric. Food Chem.,54.0,,4057,4061
P023,"Gu, L., Kelm, M.A., Hammerstone, J.F., Beecher, G., Holden, J., Haytowitz, D., Gebhardt, S., and Prior, R.L.",Concentrations of proanthocyanidins in common foods and estimations of normal consumption,2004.0,J. Nutr.,134.0,3.0,613,617
P024,"Gu, L., Kelm, M.A., Hammerstone, J.F., Beecher, G., Holden, J., Haytowitz, D., Gebhardt, S., and Prior, R.L.",Screening foods containing proanthocyanidins and their structural characterization using LC-MS/MS and thiolytic degradation,2003.0,J. Agric. Food Chem.,51.0,,7513,7521
P025,"Gu, L., Kelm, M., Hammerstone, J.F., Beecher, G., Cunningham, D., Vannozzi, S., and Prior, R.L.",Fractionation of polymeric procyanidins from lowbush blueberry and quantification of procyanidins in selected foods with an optimized normal-phase HPLC-MS fluorescent detection method,2002.0,J. Agric. Food Chem.,50.0,,4852,4860
P026,"Hellström, Törrönen, A.R., and Matilla, P.H.",Proanthocyanidins in common food products of plant origin,2009.0,J. Agric. Food Chem.,57.0,,7899,7906
P027,"Holtekjølen, A.K., Kinitz, C., and Knutsen, S.H.",Flavanol and bound phenolic acid contents in different barley varieties,2006.0,J. Agric. Food Chem.,54.0,,2253,2260
P028,"Hong, Y-J., Barret, D.M., and Mitchell, A.E.",Liquid chromatography/Mass spectrometry investigation of the impact of thermal processing and storage on peach procyanidins,2004.0,J. Agric. Food Chem.,52.0,,2366,2371
P029,"Jerumanis, J.","Quantitative analysis of flavanoids in barley, hops, and beer by high-performance liquid chromatography (HPLC)",1985.0,J. Inst. Brew.,91.0,,250,252
P030,"Kovac, V., Alonso, E., Bourzeix, M., and Revilla, E.",Effect of several enological practices on the content of catechins and proanthocyanidins of red wines,1992.0,J. Agric. Food Chem.,40.0,10.0,1953,1957
P031,"Lee, K.W., Kim, Y.J., Kim, D-O., Lee, H.J., and lee C.Y.",Major phenolics in apple and their contribution to the total antioxidant capacity,2003.0,J. Agric. Food Chem.,57.0,,6516,6520
P032,Madigan D. and McMurrough I.,Determination of proanthocyanidins and catechins in beer and barley by high-performance liquid chromatography with dual-electrode electrochemical detection,1994.0,Analyst,194.0,5.0,863,868
P033,"Mangas, J.J., Suarez, B., Picinelli, A., Moreno, J., and Blanco, D.",Differentiation by phenolic profile of apple juices prepared according to two membrane techniques,1997.0,J. Agric. Food Chem.,45.0,12.0,4777,4784
P034,"Masterfoods, Inc., Hackettstown, New Jersey, ",Unpublished data. ,2004.0,,,,,
P035,"Määttä-Riihinen, K. R., Kamal-Eldin, A., and Torronen, A.R.",Identification and classification of phenolic compounds in berries of Fragaria and Rubus species (family Rosaceae),2004.0,J. Agric. Food Chem.,52.0,,6178,6187
P036,"McMurrough, I. and Madigan, D.",Semipreparative chromatographic procedure for the isolation of dimeric and trimeric proanthocyanidins from barley,1996.0,J. Agric. Food Chem.,44.0,7.0,1731,1735
P037,"Miller, K.B., Hurst, W.J., Payne, M.J., Stuart, D.A., Apgar, J., Sweigart, D.S., and Ou, B.",Impact of alkalizationon the antioxidant and flavanol content of commercial cocoa powders,2008.0,J. Agric. Food Chem.,56.0,,8527,8533
P038,"Min, B., Gu, L., McClung, A.M., Bergman, C.J., and Chen, M-H.","Free and bound total phenolic concentrations, antioxidant capacities, and profiles of proanthocyanidins and anthocyanins in whole grain rice (Oryza sativa L.) of different bran colours",2012.0,Food Chem.,133.0,,715,722
P039,"Monogas, M., Gómez-Cardovés, C., Bartolomé, B., Laureano, O., and Da Silva, J.M.R.","Monomeric, oligomeric, and polymeric flavan-3-ol composition of wines and grapes from Vitis vinifera L. Cv. Graciano, Tempranillo, and Cabernet Sauvignon",2003.0,J. Agric. Food Chem.,51.0,,6475,6481
P040,"Mullen, W., Marks, S., and Crozier, A.",Evaluation of phenolic compounds in commercial fruit juices and fruit drinks,2007.0,J. Agric. Food Chem.,55.0,,3148,3157
P041,"Ojwang, L.O., Yang, L., Dykes, L., and Awika, J.",Proanthocyanidin profile of cowpea (Vigna ungiculata) reveals catechin-O-glucoside as the dominant compound,2013.0,Food Chem.,139.0,,35,43
P042,"Ölschläger, C., Regos, I., Zeller, F.J., and Treutter, D.T.","Identification of galloylated propelargonidins and procyanidins in buckwheat grain and quantification of rutin, and flavanols from homostylous hybrids originating from F. esculentum x F. homotropicum.",2008.0,Phytochemistry,69.0,,1389,1397
P043,"Oszmianski, J, Wolniak, M., Wojdylo A., and Wawer, I.",Comparative study of polyphenolic content and antiradical activity of cloudy and clear apple juices,2007.0,J. Sci. Food Agric.,87.0,,573,579
P044,"Oszmianski, J. and Lee, Y.",Isolation and HPLC determination of phenolic compounds in red grapes,1990.0,Am. J. Enol. Vitic.,41.0,3.0,204,206
P045,"Panzella, L., Petriccione, M., Rega, P., Scortichini, M., and Napolitano, A.",A reappraisal of traditional apple cultivars from Southern Italy as a rich source of phenols with superior antioxidant activity,2013.0,Food Chem.,140.0,,672,679
P046,"Papagianopoulos, M., Wollseifen, H.R., Mellenthin, A., Haber, B., and Galensa, R.",Identification and quantification of polyphenols in carob fruits (Ceratonia siliqua L.) and derived products by HPLC-UV-ESI/MSn,2004.0,J. Agric. Food Chem.,52.0,,3784,3791
P047,"Pereira-Caro, G., Cros, G., Yokota, T., and Crozier, A.","Phytochemical profiles of black, red, brown, and white rice from the Camarque region of France",2013.0,J. Agric. Food Chem.,61.0,,7976,7986
P048,"Qiu, Y., Liu, Q., and Beta, T.",Antioxidant activity of commercial wild rice and identification of flavonoids compounds in active fractions,2009.0,J. Agric. Food Chem.,57.0,,7543,7551
P049,"Quettier-Deleu, C., Gressier, B., Vasseur, J., Dine, T., Brunet, C., Luyckx, M., Cazin, M., Cazin, J.-C., Bailleul, F., and Trotin, F.",Phenolic compounds and antioxidant activities of buckwheat (Fagopyrum esculentum Moench) hulls and flour,2000.0,Journal of Ethnopharmacology,72.0,,35,42
P050,"Ricardo da Silva, J.M., Rosec, J-Ph., Bourziex, M., Mourgues, J., & Moutounet, M.",Dimer and trimer procyanidins in Carignan and Mourvedre grapes and red wines,1992.0,Vitis,31.0,,55,63
P051,"Ricardo da Silva, J.M., Cheynier, V., Samsom, A., and Bourziex, M.","Effect of pomace contact, carbonic maceration, and hyperoxidation on the procyanidin composition of Grenache Blanc wines",1993.0,Am. J. Enol. Vitic.,44.0,2.0,168,172
P052,"Ruiz, D., Egea, J., Gil, M., and Tomás-Barberán, F.A.",Characterization and quantitation of phenolic compounds in new apricot (Prunus armeniaca L.) varieties,2005.0,J. Agric. Food Chem.,53.0,,9544,9552
P053,"Sánchez-Moreno, C., Cao, G., Ou, B, and Prior, R. L.",Anthocyanin and proanthocyanin content in selected white and red wines.  Oxygen radical absorbance capacity comparison with nontraditional wines obtained from highbush blueberry,2003.0,J. Agric. Food Chem.,51.0,,4889,4896
P054,"Schieber, A., Keller, P., and Carle, R.",Determination of phenolic acids and flavonoids of apple and pear by high-performance liquid chromatography,2001.0,J. Chrom. A.,910.0,,265,273
P055,"Spanos, G.A. and Wrolstad, R.E.","Influence of variety, maturity, processing, and storage on the phenolic composition of pear juice",1990.0,J. Agric. Food Chem.,38.0,,817,824
P056,"Spanos, G.A. and Wrolstad, R.E.",Influence of processing and storage on the phenolic composition of Thompson seedless grape juice,1990.0,J. Agric. Food Chem.,38.0,7.0,1565,1571
P057,"Spanos, G.A., Wrolstad, R.E., and Heatherbell, D.A.",Influence of processing and storage on the phenolic composition of apple juice,1990.0,J. Agric. Food Chem.,38.0,7.0,1572,1579
P058,"Suarez-Valles, B., Sanatamaria-Victorero, J., Mangas Alonso, J.J., and Blanco- Gomis, D.",High-performance liquid chromatography of the neutral phenolic compounds of low molecular weight in apple juice.,1994.0,J. Agric. Food Chem.,42.0,,2732,2736
P059,"Teissedre, P.L. and Landrault, T.",Wine phenolics: contribution to intake and bioavailability,2000.0,Food Res. Int.,33.0,6.0,461,467
P060,"Tomas-Barberan, F.A., Gil, M.I., Cremin, P., Waterhouse, A.L., Hess-Pierce, B., and Kader, A.A.","HPLC-DAD-ESIMS analysis of phenolic compounds in nectarines, peaches, and plums",2001.0,J. Agric. Food Chem.,49.0,,4748,4760
P061,"Tsao, R., Yang, R., Young, C., and Zhu, H.",Polyphenolic profiles in eight apple cultivars using high-performance liquid chromatography (HPLC),2003.0,J. Agric. Food Chem.,51.0,,6347,6353
P062,"Valvanidis, A., Vlachogianni, T., Psomas, A., Zovoili, A., and Siatis, V.",Polyphenolic profile and antioxidant activity of five apple cultivars grown under organic and conventional agricultural practices,2009.0,Int. J. Food Sci. Technol.,44.0,,1167,1175
P063,"Van Leeuw, R., Kevers, C., Pincemail, J., Defraigne, J. O., and Dommes, J.",Antioxidant capacity and phenolic composition of red wines from various grape varieties: Specificity of Pinot Noir.,2014.0,J. Food Comp. Anal.,36.0,,40,50
P064,"Vrhovsek, U., Rigo, A., Tonon, D., and Mattivi, F.",Quantitation of polyphenols in different apple varieties,2004.0,J. Agric. Food Chem.,52.0,,6532,6538
P065,"Wu, X., Gu, L., Prior, R. L., and McKay, S.","Characterization of anthocyanins and proanthocyanidins in some cultivars of Ribes, Aronis, and Sambucus and their antioxidant capacity",2004.0,J. Agric. Food Chem.,52.0,,7846,7856
P066,"Xie, L., Roto, A.V., and Bolling, B.W.","Characterization of ellagitannins, gallotannins, and bound proanthocyanidins from California almond (Prunus dulci) varieties",2012.0,J. Agric. Food Chem.,60.0,,12151,12156
P067,"Zimmermann, B. and Galensa, R.",One for all-all for one: proof of authenticity and tracing of foods with flavonoids. Analysis of proanthocyanidins in barley and malt,2007.0,Eur Food Res Technol.,224.0,,385,393
