NDB_No,Nutrr_no,Ref
09078,731,"68, 190, 196a"
09078,740,68
09078,741,"68, 190"
09078,742,"68, 190"
09078,743,68
09078,745,"68, 190, 196a"
09078,749,"8, 68"
09078,750,"8, 68"
09078,751,"8, 68"
09078,752,"8, 68"
09078,753,"8, 68"
09078,759,68
09078,762,68
09078,770,68
09078,786,"17, 67"
09078,788,"17, 67, 68, 75, 81, 196a"
09078,789,"17, 67, 68, 75, 81m 196a"
09078,794,"8, 68"
09079,731,"48, 196a"
09079,741,48
09079,743,48
09079,745,196a
09079,770,48
09079,773,48
09079,786,48
09079,788,"48, 196a"
09079,789,"48, 196a"
09518,731,206b
09518,743,206b
09525,731,196a
09525,745,196a
09525,788,196a
09525,789,196a
09526,731,196a
09526,745,196a
09526,788,196a
09526,789,196a
09552,731,206b
09552,743,206b
09553,731,206b
09553,743,206b
09554,731,206b
09554,743,206b
14242,731,"48, 196a"
14242,741,48
14242,743,48
14242,745,196a
14242,749,29
14242,770,48
14242,773,48
14242,786,48
14242,788,"29, 48, 196a"
14242,789,"29, 48, 196a"
